Rk,Player,Pos,Age,Tm,G,GS,MP,FG,FGA,FG%,3P,3PA,3P%,2P,2PA,2P%,eFG%,FT,FTA,FT%,ORB,DRB,TRB,AST,STL,BLK,TOV,PF,PTS
1,Precious Achiuwa,C,23,TOR,12,0,20.4,3,7.7,0.391,0.4,2.3,0.179,2.6,5.3,0.484,0.418,2.3,2.8,0.848,2,5,7,1.3,0.2,0.6,1.3,1.6,8.8
2,Steven Adams,C,29,MEM,24,24,26.7,3.6,5.9,0.61,0,0,0,3.6,5.8,0.614,0.61,0.8,2.7,0.292,4.8,5.7,10.5,2.3,0.8,1,2.1,2.3,8
3,Bam Adebayo,C,25,MIA,25,25,35,8.2,15.3,0.533,0,0.4,0.1,8.1,14.9,0.544,0.534,4.4,5.3,0.841,2.3,6.9,9.2,3.3,0.9,0.7,3,3.2,20.8
4,Ochai Agbaji,SG,22,UTA,11,0,9.5,1.3,2.8,0.452,0.4,1.2,0.308,0.9,1.6,0.556,0.516,0.4,0.6,0.571,0.5,0.8,1.4,0.1,0.1,0,0,1,3.3
5,Santi Aldama,PF,22,MEM,25,16,24.9,3.6,7.7,0.469,1.3,3.7,0.355,2.3,4,0.576,0.555,1.3,1.8,0.727,1.5,4.3,5.8,1.4,0.9,1,0.6,2.6,9.8
6,Nickeil Alexander-Walker,SG,24,UTA,18,2,14,2.2,4.7,0.459,1.1,2.6,0.413,1.1,2.2,0.513,0.571,0.7,0.9,0.765,0.3,1.3,1.6,1.8,0.7,0.3,1.2,1.7,6.1
7,Grayson Allen,SG,27,MIL,23,21,27.4,3.3,7.6,0.443,2,4.8,0.409,1.4,2.8,0.5,0.572,2.2,2.4,0.927,0.9,2.7,3.6,2.7,0.8,0.2,1.2,1.5,10.9
8,Jarrett Allen,C,24,CLE,20,20,32.6,5.7,9.4,0.606,0,0.2,0,5.7,9.3,0.616,0.606,2.8,3.8,0.733,3.2,7.5,10.7,1.3,0.7,1.3,1.9,2.5,14.2
9,Jose Alvarado,PG,24,NOP,26,6,20.9,3.5,7.7,0.462,1.6,4,0.39,2,3.6,0.543,0.565,1.1,1.3,0.824,0.4,1.8,2.2,3.2,1.2,0.2,1.3,2.3,9.7
10,Kyle Anderson,PF,29,MIN,21,6,23.6,2.6,5,0.514,0.4,1,0.409,2.1,4,0.542,0.557,1.7,2,0.833,0.6,3.7,4.3,3.3,1,0.9,1.5,1.5,7.2
11,Giannis Antetokounmpo,PF,28,MIL,22,22,33.2,11.5,21.2,0.541,0.8,3.1,0.265,10.6,18.1,0.588,0.56,7.4,11.8,0.627,2,9.3,11.3,5.4,0.9,1,3.8,3.6,31.1
12,Thanasis Antetokounmpo,SF,30,MIL,12,0,3.7,0.1,0.3,0.25,0,0.1,0,0.1,0.3,0.333,0.25,0,0,,0.2,0.8,0.9,0.2,0,0.2,0.3,0.3,0.2
13,Cole Anthony,PG,22,ORL,11,3,27.2,4.8,11.1,0.434,1.5,4.1,0.378,3.3,7,0.468,0.504,2.4,2.8,0.839,0.5,3.9,4.5,3.9,1.1,0.4,1.5,3.4,13.5
14,OG Anunoby,SF,25,TOR,26,26,36.7,7.1,14.9,0.475,1.5,4.7,0.331,5.5,10.2,0.541,0.527,3.3,3.9,0.833,1.4,4.5,5.8,2.1,2.4,0.8,2.5,3,19
15,Ryan Arcidiacono,PG,28,NYK,6,0,2.7,0,0.5,0,0,0.3,0,0,0.2,0,0,0,0,,0,0.3,0.3,0.3,0.3,0,0.2,0.3,0
16,Deni Avdija,SF,22,WAS,27,24,25.4,2.9,7.1,0.406,0.8,3,0.272,2.1,4.1,0.505,0.464,1.1,1.5,0.732,0.9,4.3,5.2,2.6,0.8,0.7,1.4,3,7.7
17,Deandre Ayton,C,24,PHO,25,25,29.4,7.6,12.1,0.632,0.2,0.5,0.308,7.5,11.6,0.647,0.639,2,2.8,0.718,3,6.8,9.8,2.2,0.5,0.8,2,3,17.5
18,Udoka Azubuike,C,23,UTA,9,0,3.9,0.8,0.9,0.875,0,0,,0.8,0.9,0.875,0.875,0.2,0.7,0.333,0.4,1.3,1.8,0.3,0.2,0.2,0.2,0.2,1.8
19,Marvin Bagley III,PF,23,DET,16,13,23.6,4.8,8.8,0.543,0.4,1.4,0.318,4.3,7.4,0.585,0.568,1.5,2,0.75,2.3,4.1,6.3,0.6,0.8,0.8,1.1,2.3,11.4
20,Patrick Baldwin Jr.,SF,20,GSW,4,0,6,1,2.5,0.4,0.5,2,0.25,0.5,0.5,1,0.5,0,0,,0,1.5,1.5,0,0.8,0,0.3,0,2.5
21,LaMelo Ball,PG,21,CHO,3,3,32.7,7.3,17.7,0.415,3.3,10.7,0.313,4,7,0.571,0.509,1.3,1.7,0.8,0,3.7,3.7,7,1,0.3,3.7,2.7,19.3
22,Mo Bamba,C,24,ORL,22,5,18.8,3,6.1,0.496,1.1,2.9,0.381,2,3.3,0.597,0.585,1.2,1.6,0.722,1.1,4,5.1,1.1,0.2,0.9,0.8,2.4,8.4
23,Paolo Banchero,PF,20,ORL,21,21,34.9,7.2,15.8,0.455,0.9,3.6,0.253,6.3,12.2,0.514,0.483,6.5,8.6,0.751,1.3,5.6,6.9,3.8,0.8,0.6,3,2.2,21.8
24,Desmond Bane,SG,24,MEM,12,12,33.6,8.3,17.8,0.465,3.8,8.5,0.451,4.4,9.3,0.477,0.573,4.3,4.8,0.912,0.5,4.4,4.9,4.8,0.6,0.3,2.3,2.4,24.7
25,Dalano Banton,PG,23,TOR,20,2,10.2,2,4.8,0.417,0.7,2.1,0.317,1.4,2.8,0.491,0.484,0.7,0.8,0.875,0.5,1.1,1.6,1.2,0.6,0.5,0.7,1.1,5.4
26,Dominick Barlow,SF,19,SAS,3,0,7.3,0.7,2,0.333,0,1,0,0.7,1,0.667,0.333,1.3,1.3,1,0.7,0.3,1,1,0.3,0,0,1,2.7
27,Harrison Barnes,PF,30,SAC,25,25,31.1,4.2,8.6,0.491,1.1,3.6,0.311,3.1,5,0.621,0.556,4.3,5.3,0.818,0.9,4.2,5.1,1.8,0.8,0.2,1.4,1.4,13.8
28,Scottie Barnes,PF,21,TOR,24,23,33.3,5.7,12.8,0.444,1.2,3.6,0.322,4.5,9.1,0.493,0.49,1.4,2,0.694,1.8,5.2,7,4.6,0.9,0.8,2.4,1.8,13.9
29,RJ Barrett,SG,22,NYK,27,27,34,6.5,15.9,0.408,1.6,5.4,0.288,4.9,10.5,0.47,0.457,4.3,5.6,0.78,0.9,4.8,5.6,3,0.6,0.1,2.3,2.3,18.9
30,Will Barton,SG,32,WAS,25,0,22,2.7,7.5,0.356,1.1,3.5,0.322,1.6,4,0.386,0.431,0.8,1,0.875,0.2,2.8,3.1,2.5,0.6,0.3,1,1.1,7.3
31,Charles Bassey,C,22,SAS,16,0,15.8,2.5,3.5,0.714,0.1,0.4,0.333,2.4,3.1,0.76,0.732,0.9,1.4,0.636,2,3.8,5.8,1.6,0.4,1.3,1.3,2.6,6
32,Keita Bates-Diop,SF,27,SAS,22,8,18.1,3.1,6,0.523,0.5,1.4,0.367,2.6,4.6,0.569,0.564,1.1,1.4,0.833,1.2,1.7,3,0.7,0.6,0.2,0.8,0.7,7.9
33,Nicolas Batum,PF,34,LAC,28,3,20.3,1.9,4.5,0.424,1.4,3.5,0.392,0.5,1,0.536,0.576,0.4,0.7,0.55,0.9,3.2,4.1,1.4,0.5,0.8,0.7,2,5.5
34,Darius Bazley,PF,22,OKC,19,0,16.1,2.2,4.9,0.436,0.6,1.5,0.393,1.6,3.5,0.455,0.495,0.7,1.5,0.5,1,2.8,3.8,0.9,0.6,1.3,0.6,1.3,5.6
35,Bradley Beal,SG,29,WAS,18,18,35.1,8.7,16.6,0.522,1.7,4.9,0.352,6.9,11.7,0.592,0.574,3.8,4.4,0.873,0.8,2.9,3.7,5.4,1.2,0.6,2.8,1.9,22.9
36,Malik Beasley,SG,26,UTA,29,5,27.4,5,11.9,0.422,3.2,8.3,0.39,1.8,3.6,0.495,0.558,0.7,0.8,0.826,0.6,3.3,3.9,1.6,1,0.1,1.1,1.3,14
37,MarJon Beauchamp,SF,22,MIL,15,6,15.5,2,5.2,0.385,0.8,2.7,0.293,1.2,2.5,0.486,0.462,0.5,0.7,0.7,0.9,2,2.9,0.4,0.5,0.1,1.2,1.7,5.3
38,Dāvis Bertāns,PF,30,DAL,10,0,7.6,1,2.8,0.357,0.9,2.3,0.391,0.1,0.5,0.2,0.518,0.5,0.6,0.833,0.2,0.6,0.8,0.4,0.1,0,0.3,1.3,3.4
39,Patrick Beverley,PG,34,LAL,20,20,26.9,1.4,4.7,0.298,0.8,3.2,0.234,0.7,1.5,0.433,0.378,1,1.3,0.76,0.6,3.2,3.8,2.6,1,0.5,0.9,3,4.5
40,Saddiq Bey,SF,23,DET,25,17,29.7,4.7,11.6,0.402,1.6,5.5,0.299,3,6.2,0.494,0.473,3.8,4.3,0.879,1,3.4,4.4,1.8,0.9,0.2,1.2,1.8,14.8
41,Khem Birch,C,30,TOR,15,0,7.7,1.1,1.7,0.64,0.1,0.1,0.5,1,1.5,0.652,0.66,0.3,0.3,0.8,0.5,0.6,1.1,0.3,0.3,0.2,0.3,1.3,2.5
42,Goga Bitadze,C,23,IND,16,0,9.9,1.4,2.6,0.548,0.2,0.8,0.25,1.3,1.9,0.667,0.583,0.6,1.1,0.5,1,1.3,2.3,1,0.4,0.6,0.6,1.8,3.6
43,Bismack Biyombo,C,30,PHO,21,2,11.8,1.3,2.6,0.519,0,0,,1.3,2.6,0.519,0.519,0.4,1,0.4,0.9,2.4,3.3,0.8,0.3,1.4,1,1.8,3
44,Buddy Boeheim,PG,23,DET,1,0,1,0,0,,0,0,,0,0,,,0,0,,0,0,0,0,0,0,0,0,0
45,Bogdan Bogdanović,SG,30,ATL,5,0,27.8,6.6,15.6,0.423,3.8,9.8,0.388,2.8,5.8,0.483,0.545,1,1,1,0,3.2,3.2,2.2,0.6,0.2,2,1,18
46,Bojan Bogdanović,PF,33,DET,28,28,30.9,7,13.8,0.508,2.6,6,0.437,4.4,7.8,0.562,0.602,4.4,4.9,0.891,0.6,3,3.6,2.4,0.6,0,2.4,1.7,21
47,Bol Bol,PF,23,ORL,28,23,26.9,5.1,8.5,0.608,0.7,1.8,0.4,4.4,6.7,0.663,0.65,1.4,1.8,0.784,1.3,6.1,7.4,1.1,0.5,1.8,2.1,1.4,12.4
48,Leandro Bolmaro,SG,22,UTA,5,0,8,0.4,1.6,0.25,0,0.4,0,0.4,1.2,0.333,0.25,0,0,,0.2,0.2,0.4,1.2,0.4,0.2,0.6,0.8,0.8
49,Devin Booker,SG,26,PHO,26,26,35.4,9.8,20.5,0.478,2.3,6.2,0.375,7.5,14.4,0.521,0.534,5.5,6.3,0.866,0.8,4,4.8,5.8,1,0.4,2.5,2.8,27.4
50,Brandon Boston Jr.,SG,21,LAC,9,0,9.7,2,4.8,0.419,0.9,1.6,0.571,1.1,3.2,0.345,0.512,0.8,1,0.778,0.3,0.9,1.2,0.6,0.2,0,0.4,0.6,5.7
51,Chris Boucher,PF,30,TOR,23,0,23.2,4,8.7,0.455,0.9,3,0.29,3.1,5.7,0.542,0.505,2.6,3.5,0.741,2.3,3.8,6.1,0.6,0.7,0.9,0.7,2.5,11.4
52,James Bouknight,SG,22,CHO,21,0,15.9,1.9,5.5,0.339,0.7,2.9,0.25,1.1,2.6,0.436,0.404,0.7,1,0.682,0.2,2,2.2,1.2,0.5,0.2,0.9,1.4,5.1
53,Tony Bradley,C,25,CHI,7,0,2.7,0.4,0.7,0.6,0.3,0.4,0.667,0.1,0.3,0.5,0.8,0.3,0.3,1,0.1,0.9,1,0.1,0.1,0,0.1,0.1,1.4
54,Malaki Branham,SF,19,SAS,13,4,17.5,1.8,5.7,0.324,0.7,3.1,0.225,1.2,2.6,0.441,0.385,0.6,0.8,0.8,0.2,1.5,1.7,1.7,0.2,0.2,0.8,1.2,5
55,Christian Braun,SG,21,DEN,24,0,13.7,1.3,2.8,0.441,0.3,0.9,0.364,0.9,1.9,0.478,0.5,0.3,0.6,0.571,0.7,1.5,2.1,0.6,0.3,0.2,0.3,1.1,3.2
56,Mikal Bridges,SF,26,PHO,27,27,36.4,6,12.3,0.491,1.9,4.3,0.427,4.2,8,0.526,0.566,1.9,2.1,0.893,1.2,3.9,5.1,3.2,1.1,0.9,1.1,2.2,15.8
57,Oshae Brissett,SF,24,IND,22,0,16.1,1.8,4.2,0.435,1,2.7,0.39,0.8,1.5,0.515,0.56,1.5,2.1,0.723,0.8,2.4,3.2,0.5,0.7,0.2,0.5,1.4,6.2
58,Malcolm Brogdon,PG,30,BOS,22,0,23,5,9.8,0.505,1.9,3.9,0.494,3,6,0.511,0.602,2.3,2.6,0.862,0.9,3.2,4.1,3.8,0.5,0.2,1.8,1.5,14.1
59,Dillon Brooks,SG,27,MEM,23,23,31.3,6.7,16.7,0.399,2.3,6.7,0.335,4.4,9.9,0.443,0.467,2.1,2.8,0.754,0.8,2.9,3.7,2.9,0.9,0.1,1.7,3.2,17.7
60,Bruce Brown,PG,26,DEN,26,14,29.8,4.3,9.2,0.475,1.3,3.2,0.393,3.1,5.9,0.519,0.544,1,1.2,0.833,1,3.5,4.5,4.3,1.1,0.5,1.8,2.5,10.9
61,Greg Brown III,PF,21,POR,7,0,7.1,1,2.1,0.467,0.1,0.7,0.2,0.9,1.4,0.6,0.5,0.3,1.1,0.25,0.1,0.9,1,0,0.4,0.6,0.4,1,2.4
62,Jaylen Brown,SF,26,BOS,25,25,35.6,10,20,0.501,2.4,7,0.345,7.6,13,0.585,0.561,4.4,5.3,0.841,1,6.1,7.2,3.6,1,0.4,3,2.6,26.8
63,Kendall Brown,SG,19,IND,6,0,6.7,0.7,1.2,0.571,0,0.2,0,0.7,1,0.667,0.571,0.2,0.3,0.5,0.3,0.7,1,0.5,0.7,0,0.3,1.5,1.5
64,Moses Brown,C,23,LAC,20,0,6.4,1.6,2.4,0.66,0,0,,1.6,2.4,0.66,0.66,1.1,2.2,0.488,1.2,1.7,2.8,0.1,0.1,0.5,0.2,0.9,4.2
65,Troy Brown Jr.,SF,23,LAL,23,16,24.1,2.7,6.3,0.431,1,3,0.319,1.7,3.3,0.533,0.507,0.7,0.7,1,0.9,3.5,4.4,0.9,0.7,0.1,0.9,1.5,7.1
66,Jalen Brunson,PG,26,NYK,27,27,31.7,7.1,15.4,0.464,1.3,4,0.324,5.9,11.4,0.513,0.506,4.5,5.1,0.883,0.5,2.9,3.3,6.3,1.1,0.2,2,2.4,20.1
67,Thomas Bryant,C,25,LAL,12,2,15.1,3.3,4.8,0.69,0.3,0.8,0.3,3.1,4,0.771,0.716,2,2.8,0.706,1.2,3.2,4.3,0.7,0.2,0.8,0.4,1.5,8.9
68,Reggie Bullock,SF,31,DAL,25,18,26.4,1.5,4.9,0.311,1.2,4,0.287,0.4,0.8,0.429,0.43,0.4,0.6,0.667,0.4,2.6,3,0.9,0.8,0.1,0.4,2.3,4.6
69,Alec Burks,SG,31,DET,16,0,20.6,4.2,9.7,0.432,1.8,4.8,0.382,2.4,4.9,0.481,0.526,3.3,4.2,0.791,0.3,2.6,2.9,1.9,0.9,0.1,0.9,2.5,13.5
70,Jimmy Butler,SF,33,MIA,17,17,35.2,7.3,13.9,0.525,0.8,2.2,0.378,6.5,11.7,0.553,0.555,6.4,7.5,0.858,2.1,4.6,6.7,6,1.7,0.2,1.9,1.4,21.8
71,John Butler,C,20,POR,4,0,3.8,0.3,0.8,0.333,0,0.5,0,0.3,0.3,1,0.333,0,0,,0.3,0.3,0.5,0.3,0,0.3,0,0,0.5
72,Jamal Cain,SF,23,MIA,8,0,11.6,1.9,3.5,0.536,0.1,0.8,0.167,1.8,2.8,0.636,0.554,0.5,0.8,0.667,0.9,1.5,2.4,0.6,0.6,0,0.3,1.3,4.4
73,Kentavious Caldwell-Pope,SG,29,DEN,25,25,31.1,3.9,8.4,0.469,2.1,4.6,0.461,1.8,3.8,0.479,0.596,1,1.3,0.788,0.5,2.5,3,2.1,1.2,0.4,1.2,2,11
74,Facundo Campazzo,PG,31,DAL,8,0,6.5,0.4,1.6,0.231,0.4,1.4,0.273,0,0.3,0,0.346,0.1,0.3,0.5,0,0.3,0.3,1.1,0.8,0,0.4,0.4,1.3
75,Vlatko Čančar,PF,25,DEN,17,0,12.1,1.8,3.8,0.462,0.8,2,0.412,0.9,1.8,0.516,0.569,0.4,0.4,0.857,0.3,1.4,1.7,1,0.4,0.2,0.6,1.4,4.7
76,Clint Capela,C,28,ATL,25,25,27.8,5.4,8.6,0.625,0,0,,5.4,8.6,0.625,0.625,1.1,1.9,0.583,4.5,7.8,12.2,0.7,0.6,1.4,0.9,2.4,11.9
77,Vernon Carey Jr.,C,21,WAS,3,0,1.7,0,0.7,0,0,0,,0,0.7,0,0,0,0,,0,0.3,0.3,0,0,0,0.3,0.7,0
78,Jevon Carter,PG,27,MIL,26,21,26.2,3,7,0.432,1.5,3.5,0.413,1.6,3.5,0.451,0.536,0.6,0.7,0.842,0.7,2,2.7,3.4,1.3,0.6,1.3,2.4,8.2
79,Wendell Carter Jr.,C,23,ORL,15,15,32.9,5.8,11.3,0.515,1.2,3.5,0.346,4.6,7.8,0.59,0.568,3.8,4.6,0.826,2.1,6.9,9.1,3.3,0.5,0.5,2.6,3.2,16.6
80,Alex Caruso,PG,28,CHI,25,9,25.3,1.7,4.1,0.408,0.8,2.3,0.351,0.9,1.8,0.478,0.505,1,1.4,0.765,0.4,2.4,2.7,3.8,1.5,0.7,1.3,2.2,5.2
81,Julian Champagnie,SF,21,PHI,2,0,3.5,0,1,0,0,0.5,0,0,0.5,0,0,0,0,,0,0,0,0,0.5,0,0,0,0
82,Justin Champagnie,SF,21,TOR,3,0,3.7,1,1,1,0,0,,1,1,1,1,0,0,,0.3,1,1.3,0.3,0,0,0,0.3,2
83,Kennedy Chandler,PG,20,MEM,10,0,10.6,1.2,3.8,0.316,0.2,1.1,0.182,1,2.7,0.37,0.342,0.3,0.7,0.429,0.2,1.2,1.4,2.1,0.6,0.3,0.8,0.5,2.9
84,Max Christie,SG,19,LAL,11,0,11.4,1,2.5,0.393,0.7,1.7,0.421,0.3,0.8,0.333,0.536,0.3,0.4,0.75,0.1,2.2,2.3,0.5,0.3,0,0.3,0.5,3
85,Josh Christopher,SG,21,HOU,18,0,7,1.2,2.8,0.44,0.2,0.8,0.214,1.1,2,0.528,0.47,0.3,0.3,0.833,0.3,0.8,1.1,0.6,0.3,0.1,0.7,0.7,2.9
86,Brandon Clarke,PF,26,MEM,26,2,19.6,4.1,6.5,0.627,0,0.2,0.167,4,6.3,0.644,0.63,1.6,2.3,0.695,1.2,3.8,5,1.2,0.3,0.8,1.2,2.3,9.8
87,Jordan Clarkson,SG,30,UTA,28,28,32.7,7.2,16.7,0.432,2.6,7.6,0.338,4.6,9.1,0.51,0.509,2.8,3.4,0.823,1.1,2.7,3.9,4.9,0.4,0.3,2.8,2,19.8
88,Nic Claxton,C,23,BRK,25,25,28,5.3,7.3,0.727,0,0,0,5.3,7.3,0.731,0.727,1.2,2.8,0.423,2.6,6.1,8.7,1.2,0.7,2.2,1.4,3,11.8
89,Amir Coffey,SG,25,LAC,22,6,15.1,1.2,3.1,0.377,0.2,0.9,0.211,1,2.3,0.44,0.406,1.4,1.8,0.795,0.4,0.8,1.2,1.4,0.2,0.1,0.5,1.3,4
90,John Collins,PF,25,ATL,22,22,31.5,4.7,9.7,0.484,0.7,3.3,0.219,4,6.4,0.621,0.521,2.2,2.6,0.845,1.2,6.3,7.5,1.3,0.9,1.4,1.4,3.2,12.3
91,Zach Collins,PF,25,SAS,16,5,20.2,3.5,6.8,0.519,0.7,2.3,0.297,2.8,4.4,0.634,0.569,0.9,1.3,0.7,1.6,3.9,5.5,2.8,0.6,1,2.3,3.8,8.6
92,Mike Conley,PG,35,UTA,18,17,29,3.6,8.8,0.403,1.9,5,0.389,1.6,3.8,0.42,0.513,1.6,2,0.778,0.4,1.9,2.3,7.8,1.1,0.3,1.5,2.1,10.6
93,Pat Connaughton,SG,30,MIL,10,0,19.8,2.4,7.9,0.304,1.5,5.8,0.259,0.9,2.1,0.429,0.399,0.5,0.7,0.714,0.9,2.8,3.7,0.7,0.6,0.1,0.2,1,6.8
94,Robert Covington,PF,32,LAC,17,0,15.6,1.9,4.6,0.405,1.1,3,0.353,0.8,1.6,0.5,0.519,0.8,0.9,0.875,0.3,3.3,3.6,1.2,0.4,0.8,0.8,2.1,5.6
95,Torrey Craig,SF,32,PHO,24,16,24.4,3.2,6.6,0.484,1.4,3.5,0.393,1.8,3.1,0.587,0.588,0.5,0.6,0.8,1.9,3,5,1.5,0.5,0.8,0.8,2.3,8.3
96,Jarrett Culver,SG,23,ATL,7,1,16.9,1.9,4.3,0.433,0.1,1.3,0.111,1.7,3,0.571,0.45,1.1,1.6,0.727,1,3.6,4.6,0.7,0.7,0.3,0.7,1.7,5
97,Cade Cunningham,PG,21,DET,12,12,33.3,7.8,18.7,0.415,1.4,5.1,0.279,6.3,13.6,0.466,0.453,3,3.6,0.837,1,5.2,6.2,6,0.8,0.6,3.3,2.8,19.9
98,Seth Curry,SG,32,BRK,17,0,23.4,3.5,7.6,0.462,1.8,4.4,0.419,1.7,3.3,0.518,0.581,0.8,0.9,0.933,0.2,2.1,2.4,2.5,0.6,0.2,1.2,1.9,9.7
99,Stephen Curry,PG,34,GSW,24,24,34.9,10.2,20.3,0.502,5.1,11.8,0.436,5.1,8.6,0.592,0.628,4.5,5,0.908,0.5,6,6.6,7,1,0.3,3.2,2.2,30
100,Dyson Daniels,PG,19,NOP,18,5,20.1,2.2,4.3,0.506,0.6,1.4,0.385,1.6,2.8,0.569,0.571,0.7,1.1,0.65,0.6,3.1,3.7,2.4,0.8,0.3,0.8,2.2,5.6
101,Anthony Davis,C,29,LAL,23,23,33.6,10.3,17.3,0.596,0.4,1.3,0.31,10,16.1,0.619,0.608,6.7,8,0.832,3.2,9.2,12.4,2.7,1.3,2.2,1.9,2.8,27.7
102,Johnny Davis,SG,20,WAS,8,0,5.6,0.4,1.4,0.273,0,0.3,0,0.4,1.1,0.333,0.273,0.4,0.4,1,0.1,0.5,0.6,0.3,0,0.1,0.1,1.5,1.1
103,Terence Davis,SG,25,SAC,21,1,13,2.3,5.5,0.426,1.3,3.5,0.378,1,2,0.512,0.548,0.7,0.8,0.875,0.4,2.6,3,1.4,0.8,0.2,0.7,1.9,6.7
104,JD Davison,PG,20,BOS,3,0,2.7,0.3,1.3,0.25,0,0.7,0,0.3,0.7,0.5,0.25,0,0,,0,0.3,0.3,0.3,0.3,0,0.3,0,0.7
105,Dewayne Dedmon,C,33,MIA,22,0,12.3,2.5,5,0.514,0.4,1.4,0.3,2.1,3.6,0.595,0.555,1.1,1.5,0.735,1,2.7,3.6,0.6,0.2,0.5,0.7,2,6.6
106,Matthew Dellavedova,PG,32,SAC,12,0,7.4,0.6,1.8,0.333,0.3,0.7,0.375,0.3,1.1,0.308,0.405,0.1,0.3,0.333,0.1,0.3,0.4,1.6,0.5,0,0.5,0.8,1.5
107,DeMar DeRozan,SF,33,CHI,26,26,35.2,9.2,18,0.507,0.4,1.3,0.314,8.7,16.7,0.523,0.519,7.2,8.1,0.891,0.5,4.5,5,4.8,0.8,0.4,2,2.7,26
108,Moussa Diabaté,PF,21,LAC,5,0,10.6,1.4,2.2,0.636,0,0,,1.4,2.2,0.636,0.636,1.4,1.6,0.875,2,1.8,3.8,0.2,0.4,0.2,0.6,1,4.2
109,Mamadi Diakite,PF,26,CLE,11,2,7.5,0.9,1.9,0.476,0.4,1.1,0.333,0.5,0.8,0.667,0.571,0,0,,0.3,0.7,1,0.2,0.2,0.5,0.5,1,2.2
110,Hamidou Diallo,SG,24,DET,25,0,15.2,2.4,5,0.484,0.1,0.5,0.154,2.3,4.4,0.523,0.492,1.4,2.2,0.636,0.9,1.9,2.8,0.9,0.5,0.2,0.8,2.1,6.3
111,Gorgui Dieng,C,33,SAS,11,1,10.6,1.5,3.4,0.432,0.7,2.5,0.296,0.7,0.9,0.8,0.541,0.3,0.4,0.75,0.8,2,2.8,1.7,0.1,0.5,1,1.7,3.9
112,Ousmane Dieng,SF,19,OKC,14,0,15.7,1.8,4.2,0.424,0.7,2.4,0.294,1.1,1.8,0.6,0.508,0.1,0.3,0.25,0.4,2.4,2.9,1.4,0.4,0.3,0.5,0.9,4.4
113,Spencer Dinwiddie,PG,29,DAL,26,26,31.5,5.9,12.8,0.461,2.6,6.4,0.41,3.3,6.4,0.512,0.563,2.3,2.8,0.833,0.4,2.7,3.2,5.1,1,0.3,1.6,2.3,16.7
114,Donte DiVincenzo,SG,26,GSW,19,1,17.9,1.7,4.5,0.384,1,3.1,0.322,0.7,1.4,0.519,0.494,0.5,0.7,0.769,0.8,2.8,3.6,2.4,1.1,0.1,1.3,2,5
115,Luka Dončić,PG,23,DAL,24,24,36.8,11.3,22.6,0.501,2.8,8.3,0.343,8.5,14.4,0.591,0.564,7.4,10.4,0.711,0.8,7.6,8.5,8.8,1.8,0.7,3.5,2.8,32.9
116,Tyler Dorsey,SG,26,DAL,1,0,4,4,4,1,1,1,1,3,3,1,1.125,0,0,,1,1,2,0,0,0,0,0,9
117,Luguentz Dort,SG,23,OKC,25,25,30.2,4.9,12.2,0.401,1.7,5.4,0.313,3.2,6.8,0.471,0.47,2.4,3.2,0.772,1.6,2.9,4.5,2.3,1.1,0.4,1.4,3.3,13.9
118,Ayo Dosunmu,PG,23,CHI,25,21,27.6,4.2,8,0.517,1,2.9,0.342,3.2,5.1,0.617,0.58,0.9,1,0.88,0.6,2.8,3.3,2.8,0.7,0.4,1.5,2.5,10.2
119,Devon Dotson,PG,23,WAS,3,0,12,0.3,2,0.167,0.3,1,0.333,0,1,0,0.25,0,0,,1.7,1,2.7,1.7,0.7,0,0.7,2.3,1
120,Jeff Dowtin,PG,25,TOR,9,0,7.4,1,2,0.5,0.1,0.4,0.25,0.9,1.6,0.571,0.528,0.1,0.1,1,0.4,0.7,1.1,0.9,0,0.1,0.1,0.4,2.2
121,Goran Dragić,PG,36,CHI,25,0,17.1,3,7,0.431,1.1,2.7,0.397,1.9,4.2,0.453,0.509,0.8,1.2,0.655,0.4,1.1,1.5,3.3,0.3,0.2,1.3,1.4,7.8
122,Andre Drummond,C,29,CHI,20,0,14.2,3,5.3,0.557,0,0.1,0,3,5.2,0.567,0.557,1,1.7,0.588,2.5,5,7.5,0.8,0.7,0.4,1.2,2.1,6.9
123,Chris Duarte,SF,25,IND,9,5,19.7,3.1,7.9,0.394,1.4,4.2,0.342,1.7,3.7,0.455,0.486,1.2,1.3,0.917,0.4,1.7,2.1,1,0.1,0.4,0.9,1.8,8.9
124,David Duke Jr.,SG,23,BRK,14,0,9,1.4,3.1,0.442,0,0.4,0,1.4,2.6,0.514,0.442,0.3,0.6,0.5,0.4,0.6,1.1,0.9,0.4,0.1,0.9,1.6,3
125,Kevin Durant,PF,34,BRK,27,27,36.8,10.8,19.4,0.556,1.6,4.7,0.339,9.2,14.7,0.626,0.598,6.9,7.4,0.92,0.3,6.3,6.6,5.4,0.7,1.7,3.4,2.4,30
126,Jalen Duren,C,19,DET,26,2,22,2.8,4.6,0.622,0,0,0,2.8,4.5,0.627,0.622,0.9,1.8,0.489,2.9,4.3,7.3,0.6,0.6,0.8,1.1,2.4,6.6
127,Tari Eason,PF,21,HOU,26,0,18.6,3.2,7.5,0.433,0.7,1.9,0.38,2.5,5.5,0.451,0.482,1.2,1.5,0.842,2.2,3.1,5.3,0.8,1.3,0.4,0.8,2.2,8.4
128,Anthony Edwards,SG,21,MIN,26,26,36.5,8.2,18,0.455,2.5,7.2,0.351,5.7,10.8,0.525,0.526,4,5.1,0.774,0.7,5.1,5.7,4,1.9,0.3,3.2,2.8,22.9
129,Kessler Edwards,SF,22,BRK,13,1,5.7,0.5,1.7,0.273,0.2,0.8,0.182,0.3,0.8,0.364,0.318,0.1,0.2,0.5,0.5,0.6,1.1,0.2,0.2,0.1,0.3,0.2,1.2
130,Keon Ellis,SG,23,SAC,2,0,1.5,0,0,,0,0,,0,0,,,0,0,,0,0.5,0.5,0,0,0,0,0.5,0
131,Joel Embiid,C,28,PHI,18,18,35.8,11.1,20.8,0.535,1.1,3.4,0.328,10,17.4,0.575,0.561,10.1,11.8,0.85,1.8,8.1,9.8,4.8,1.1,1.6,4.2,3.3,33.4
132,Drew Eubanks,C,25,POR,24,3,17.5,2.4,3.3,0.722,0,0.1,0.5,2.3,3.2,0.727,0.728,1,1.4,0.676,1.5,2.5,4,0.8,0.5,1,0.7,1.9,5.8
133,Bruno Fernando,C,24,HOU,9,3,13.2,2.3,3.6,0.656,0,0.1,0,2.3,3.4,0.677,0.656,0.9,1.3,0.667,1.8,2.8,4.6,1.2,0.4,0.8,0.7,2.3,5.6
134,Dorian Finney-Smith,PF,29,DAL,26,26,32.2,3,7.5,0.405,1.8,5.3,0.331,1.3,2.2,0.589,0.523,0.5,0.8,0.667,1.3,2.7,4,1.1,1.1,0.5,1,1.8,8.4
135,Malachi Flynn,PG,24,TOR,16,1,10.9,2,4.6,0.432,1.1,2.3,0.486,0.9,2.3,0.378,0.554,0.6,0.7,0.909,0.2,1,1.2,1.1,0.4,0.1,0.6,1.6,5.8
136,Simone Fontecchio,SF,27,UTA,16,0,9.6,1.6,3.7,0.424,1.1,2.6,0.415,0.5,1.1,0.444,0.568,0.6,0.9,0.643,0.6,0.8,1.3,0.4,0.1,0.3,0.6,0.9,4.8
137,Bryn Forbes,SG,29,MIN,12,0,10.3,1.3,3.8,0.333,0.5,2,0.25,0.8,1.8,0.429,0.4,0.6,0.6,1,0.3,0.3,0.5,0.8,0.6,0,0.4,0.8,3.6
138,Trent Forrest,PG,24,ATL,10,1,12.4,1.3,2.3,0.565,0,0,,1.3,2.3,0.565,0.565,0.2,0.3,0.667,0.4,0.8,1.2,1.4,0.4,0.2,0.3,0.9,2.8
139,Michael Foster Jr.,PF,20,PHI,1,0,1,0,0,,0,0,,0,0,,,0,0,,0,0,0,0,0,0,0,0,0
140,Evan Fournier,SG,30,NYK,13,7,20,2.4,6.9,0.344,1.5,4.4,0.333,0.9,2.5,0.364,0.45,0.7,0.8,0.818,0.2,1.9,2.1,1.7,0.7,0.2,1.1,2.2,6.9
141,De'Aaron Fox,PG,25,SAC,22,22,31.7,8.4,16.6,0.507,1.9,5.1,0.366,6.5,11.5,0.569,0.563,4.1,5,0.826,0.5,4.5,5,5.6,1,0.5,2.5,2.5,22.8
142,Markelle Fultz,SG,24,ORL,7,7,24.9,3.9,8.7,0.443,0.7,1.6,0.455,3.1,7.1,0.44,0.484,1.3,1.7,0.75,0.7,2,2.7,4.1,0.7,0.1,2.7,2.6,9.7
143,Wenyen Gabriel,PF,25,LAL,20,2,13.6,2,3.4,0.597,0.2,0.7,0.308,1.8,2.7,0.667,0.627,0.9,1.1,0.818,1.3,2.4,3.7,0.7,0.6,0.5,0.7,1.8,5.1
144,Daniel Gafford,C,24,WAS,27,0,13.6,2.4,3.2,0.736,0,0,,2.4,3.2,0.736,0.736,1.1,1.9,0.577,1.7,2.3,4,0.4,0.3,1.1,0.9,1.7,5.9
145,Darius Garland,PG,23,CLE,21,21,35.8,7.3,16.9,0.431,2.7,6.8,0.394,4.6,10.1,0.455,0.51,4.3,5,0.875,0.3,2,2.2,7.8,1.3,0.2,3.4,2,21.6
146,Usman Garuba,PF,20,HOU,24,1,15,1.4,2.5,0.541,0.3,0.5,0.538,1.1,2,0.542,0.598,0.6,1,0.583,1.6,3.1,4.8,1,0.8,0.7,0.8,1.8,3.6
147,Luka Garza,C,24,MIN,2,0,2.5,0.5,1.5,0.333,0,0.5,0,0.5,1,0.5,0.333,1,1,1,0.5,0,0.5,0,0,0,0,0.5,2
148,Rudy Gay,SF,36,UTA,15,0,15.7,1.9,5.3,0.35,0.7,3,0.244,1.1,2.3,0.486,0.419,0.3,0.5,0.5,0.6,2.8,3.4,0.8,0.5,0.5,0.7,1.3,4.7
149,Paul George,SF,32,LAC,20,20,34.1,8.3,18.1,0.459,3,7.7,0.383,5.4,10.4,0.514,0.54,4.1,4.7,0.872,0.7,5.4,6.1,4.7,1.5,0.5,3.5,2.6,23.7
150,Taj Gibson,PF,37,WAS,15,0,6.6,0.9,2.1,0.452,0.1,0.5,0.25,0.8,1.5,0.522,0.484,0.5,0.7,0.8,0.5,0.9,1.4,0.3,0.3,0.1,0.3,1.1,2.5
151,Josh Giddey,SG,20,OKC,23,23,30.7,6.3,14,0.447,1,3.2,0.301,5.3,10.8,0.49,0.481,1.2,1.7,0.737,1.7,6.3,7.9,5.4,0.7,0.5,3.2,2.2,14.7
152,Shai Gilgeous-Alexander,SG,24,OKC,24,24,35.5,10.3,20.5,0.501,1,3,0.315,9.3,17.4,0.533,0.524,9.3,10,0.929,0.9,3.7,4.6,5.9,1.7,1.1,3.3,2.5,30.8
153,Anthony Gill,PF,30,WAS,23,4,11.4,1.2,2.1,0.551,0.1,0.6,0.154,1.1,1.6,0.694,0.571,0.6,0.7,0.867,0.6,1,1.7,0.5,0.2,0.2,0.2,1.4,3
154,Rudy Gobert,C,30,MIN,24,24,31,5.3,8,0.656,0,0.1,0,5.3,7.9,0.667,0.656,3.6,5.1,0.707,3.6,8.2,11.8,0.9,0.9,1.3,1.6,3.1,14.1
155,Jordan Goodwin,PG,24,WAS,20,2,21.8,3,6,0.492,0.9,1.9,0.474,2.1,4.1,0.5,0.567,0.9,1.3,0.72,1.3,2.7,4,2.9,1.3,0.7,1,1.9,7.7
156,Aaron Gordon,PF,27,DEN,23,23,29.4,6.5,10.5,0.616,1.1,2.8,0.385,5.4,7.7,0.701,0.667,2.7,4.1,0.642,2.3,4,6.4,2.1,0.7,0.7,1.4,2,16.7
157,Eric Gordon,SG,34,HOU,22,22,30.1,4.2,9.5,0.44,1.9,5.4,0.347,2.3,4.1,0.56,0.538,2,2.3,0.863,0.3,1.7,2,2.5,0.7,0.4,1.9,0.7,12.2
158,Devonte' Graham,PG,27,NOP,26,0,15.7,1.7,4.6,0.37,1.4,3.8,0.374,0.3,0.8,0.35,0.525,0.8,1,0.808,0.2,1.2,1.5,2.1,0.5,0.3,0.6,0.8,5.6
159,Jerami Grant,PF,28,POR,25,25,36.5,7.4,15.6,0.472,2.8,6.1,0.451,4.6,9.5,0.485,0.56,5,6.4,0.788,0.9,3.3,4.2,2.8,0.8,0.8,1.9,2.3,22.5
160,A.J. Green,SG,23,MIL,9,0,5.3,0.8,1.6,0.5,0.7,1.3,0.5,0.1,0.2,0.5,0.714,0.3,0.3,1,0.1,0.7,0.8,0.2,0.1,0,0.1,0.8,2.6
161,Draymond Green,PF,32,GSW,24,24,31.3,3.5,6.4,0.556,0.5,1.5,0.297,3.1,4.8,0.638,0.592,1.1,1.6,0.711,0.7,5.5,6.2,6.8,0.9,0.8,2.4,3.1,8.7
162,Jalen Green,SG,20,HOU,26,26,34.4,7.4,17.8,0.418,2.4,7.2,0.33,5,10.5,0.478,0.485,4.4,5.5,0.797,0.6,3.4,4,3.8,0.8,0.2,3.2,1.7,21.6
163,JaMychal Green,PF,32,GSW,24,1,14.9,2.3,4.5,0.5,0.3,1.5,0.189,2,3,0.662,0.532,0.6,0.8,0.778,1.4,2.4,3.8,0.7,0.5,0.3,0.9,2,5.4
164,Javonte Green,SG,29,CHI,23,1,16.3,2.3,3.9,0.584,0.4,1.2,0.357,1.8,2.7,0.689,0.64,0.9,1.3,0.645,1,2.1,3.1,0.8,0.9,0.7,0.7,1.7,5.8
165,Jeff Green,PF,36,DEN,19,3,19.6,2.7,5.2,0.525,0.4,1.3,0.28,2.4,3.9,0.608,0.561,1.6,2.2,0.756,0.7,1.8,2.6,1.3,0.4,0.2,1,2,7.5
166,Josh Green,SG,22,DAL,25,1,20.3,2.4,4.1,0.583,1,2.2,0.444,1.4,2,0.735,0.699,1.3,1.8,0.711,0.9,1.4,2.3,1.2,0.9,0,0.7,2.5,7
167,AJ Griffin,SF,19,ATL,23,6,20.7,4,8.9,0.446,1.6,4.7,0.33,2.4,4.1,0.579,0.534,0.5,0.5,0.917,0.7,1.3,2,1,1.1,0.1,0.9,1.1,10
168,Blake Griffin,PF,33,BOS,11,6,15.8,2.2,3.7,0.585,0.7,1.5,0.5,1.5,2.3,0.64,0.683,1.1,1.5,0.75,1.2,3.2,4.4,0.9,0.3,0.1,0.5,2.2,6.2
169,Quentin Grimes,SG,22,NYK,17,12,23.4,2.7,5.8,0.465,1.1,3.3,0.321,1.6,2.5,0.651,0.556,0.6,0.6,0.909,0.8,2.4,3.2,1.7,0.6,0.4,0.9,2.6,7.1
170,Rui Hachimura,PF,24,WAS,16,0,23.5,4.8,9.9,0.481,0.8,2.3,0.333,4,7.6,0.525,0.519,1.3,1.8,0.724,0.8,4.1,4.8,1.1,0.3,0.5,1.4,1.1,11.6
171,Tyrese Haliburton,PG,22,IND,25,25,33.5,7.4,15.2,0.488,2.9,7.1,0.41,4.5,8,0.557,0.584,2.4,2.8,0.859,0.7,3.6,4.3,11,1.8,0.3,2.7,1.1,20.2
172,Jordan Hall,SF,21,SAS,9,0,9.2,1,3.1,0.321,0.3,1.7,0.2,0.7,1.4,0.462,0.375,0.8,1,0.778,0.3,1,1.3,1.2,0.1,0,0.8,0.7,3.1
173,R.J. Hampton,PG,21,ORL,21,0,15.6,2.2,5,0.438,0.8,2.3,0.347,1.4,2.7,0.518,0.519,1.3,1.5,0.871,0.4,1.2,1.6,1.5,0.8,0.2,0.9,1,6.5
174,Tim Hardaway Jr.,SG,30,DAL,25,8,25.2,4.2,11.3,0.369,2.8,7.6,0.361,1.4,3.6,0.385,0.491,2,2.5,0.79,0.3,2.3,2.6,1.8,0.8,0.2,1,1.3,13
175,James Harden,SG,33,PHI,12,12,37.9,6.8,16.1,0.425,2.5,7.3,0.345,4.3,8.8,0.491,0.503,6,6.6,0.911,0.7,6,6.7,10.4,1.2,0.7,3.5,2.1,22.2
176,Jaden Hardy,SG,20,DAL,6,0,7,1.8,4.7,0.393,0.2,1.5,0.111,1.7,3.2,0.526,0.411,1.2,1.2,1,0,0.7,0.7,0.3,0.2,0.2,0.5,1.2,5
177,Ron Harper Jr.,SF,22,TOR,2,0,4,1,2,0.5,1,1.5,0.667,0,0.5,0,0.75,0,0,,0,0.5,0.5,0,0,0,0,0,3
178,Montrezl Harrell,C,29,PHI,22,5,11.6,1.7,3.1,0.551,0,0,,1.7,3.1,0.551,0.551,1.6,2.3,0.72,1,1.8,2.9,0.6,0.2,0.4,0.6,1.2,5.1
179,Gary Harris,SG,28,ORL,6,3,25.8,3.8,8,0.479,1.7,3.8,0.435,2.2,4.2,0.52,0.583,1,1,1,0.8,1.8,2.7,2,0.7,0.3,1.5,2.2,10.3
180,Joe Harris,SG,31,BRK,25,16,26.5,3.1,7.6,0.407,2,5.2,0.374,1.1,2.3,0.483,0.537,0.5,0.7,0.706,0.5,2.6,3.1,1.7,0.6,0.3,0.6,2.6,8.6
181,Kevon Harris,SG,25,ORL,20,0,12.4,1.2,3.2,0.375,0.4,1.1,0.364,0.8,2.1,0.381,0.438,1.1,1.3,0.846,1,1.2,2.2,0.5,0.4,0.1,0.8,1.3,3.9
182,Tobias Harris,PF,30,PHI,24,24,34.4,6.5,13.4,0.481,2.2,5.4,0.411,4.3,8,0.528,0.564,1.7,2,0.851,0.9,5.5,6.3,2.7,1.3,0.5,1.5,2.3,16.8
183,Josh Hart,SG,27,POR,24,24,35.5,3.6,7.5,0.486,0.7,2,0.362,2.9,5.5,0.53,0.534,1.8,2.4,0.741,2,6.4,8.3,4.2,1.5,0.1,1.8,2.8,9.8
184,Isaiah Hartenstein,C,24,NYK,27,7,20.9,2.7,4.9,0.549,0.2,0.8,0.227,2.5,4.1,0.613,0.568,0.8,0.9,0.84,2.9,4,6.9,0.8,0.8,0.9,0.9,2.6,6.4
185,Udonis Haslem,PF,42,MIA,4,0,6,0.3,1.5,0.167,0,0.3,0,0.3,1.3,0.2,0.167,0.3,0.5,0.5,0.5,0.5,1,0,0.3,0.3,0,1,0.8
186,Sam Hauser,PF,25,BOS,27,0,16.6,2.4,4.9,0.489,1.9,4.3,0.452,0.4,0.6,0.75,0.687,0.3,0.3,0.778,0.4,2.1,2.5,0.7,0.3,0.3,0.3,1.4,6.9
187,Jaxson Hayes,C,22,NOP,9,0,7.4,0.3,1.8,0.188,0,0.9,0,0.3,0.9,0.375,0.188,0.4,0.8,0.571,0.3,1.4,1.8,0.6,0.3,0.1,0.3,0.7,1.1
188,Killian Hayes,PG,21,DET,29,16,24.3,3.3,8.8,0.371,1,2.9,0.329,2.3,5.9,0.392,0.426,0.6,0.7,0.85,0.4,2.2,2.7,5.1,1.1,0.4,1.7,3,8.1
189,Gordon Hayward,SF,32,CHO,11,11,32.3,5.9,13.3,0.445,1.5,3.8,0.381,4.5,9.5,0.471,0.5,3,3.9,0.767,0.6,3.6,4.3,4.4,0.6,0.3,2.5,0.9,16.3
190,Juancho Hernangómez,PF,27,TOR,16,3,16.9,1.8,3.5,0.518,0.6,1.8,0.345,1.2,1.7,0.704,0.607,0.2,0.4,0.429,0.8,3.3,4.1,0.8,0.6,0.2,0.6,1.3,4.4
191,Willy Hernangómez,C,28,NOP,11,0,9.1,1.5,3.2,0.486,0,0.3,0,1.5,2.9,0.531,0.486,1.6,2,0.818,1.4,2.3,3.6,0.5,0.3,0.2,1,0.9,4.7
192,Tyler Herro,SG,23,MIA,19,19,34.3,7.3,16.1,0.451,2.8,7.3,0.381,4.5,8.8,0.509,0.538,2.8,3.2,0.883,0.6,6.1,6.6,4.2,0.8,0.5,2.6,1.6,20.1
193,Buddy Hield,SG,30,IND,27,27,32,6.3,14.4,0.436,3.6,9.5,0.383,2.6,4.9,0.538,0.562,1.5,1.7,0.851,1,3.6,4.7,2.6,1,0.4,2.1,2,17.6
194,Haywood Highsmith,SF,26,MIA,17,1,18.4,1.4,4.2,0.324,0.6,2.2,0.297,0.7,2,0.353,0.401,0.2,0.6,0.4,0.9,3.1,4,0.6,0.7,0.4,0.7,1,3.6
195,George Hill,PG,36,MIL,26,0,19.9,1.6,3.8,0.418,0.6,2,0.314,1,1.8,0.532,0.5,1,1.5,0.684,0.3,1.6,1.9,2.5,0.4,0.1,0.8,1.2,4.8
196,Malcolm Hill,SF,27,CHI,3,0,0.3,0,0,,0,0,,0,0,,,0,0,,0,0.3,0.3,0,0,0,0,0,0
197,Aaron Holiday,PG,26,ATL,24,2,17.6,1.8,4.2,0.42,0.7,1.6,0.421,1.1,2.6,0.419,0.5,0.5,0.7,0.813,0.5,1,1.5,1.4,0.7,0.2,0.9,1.6,4.7
198,Jrue Holiday,PG,32,MIL,21,20,32.9,7.2,16,0.452,2.2,6.2,0.359,5,9.8,0.512,0.522,2.4,2.7,0.895,1.2,4,5.3,7.4,1.5,0.4,3.2,2,19.1
199,Justin Holiday,SG,33,ATL,21,0,16.3,2,5,0.387,1.2,3.5,0.342,0.8,1.6,0.485,0.505,0,0,,0,0.9,0.9,0.8,0.2,0.4,0.6,1.5,5.1
200,Richaun Holmes,PF,29,SAC,13,0,9.8,1.3,1.9,0.68,0.1,0.2,0.5,1.2,1.8,0.696,0.7,0.3,0.5,0.667,0.6,1.3,1.9,0,0.2,0.1,0.4,1.5,3
201,Al Horford,C,36,BOS,20,20,31.6,4,7.4,0.537,2.1,4.4,0.466,1.9,3,0.644,0.677,0.3,0.4,0.625,1,5.3,6.3,2.8,0.5,1,0.8,2,10.2
202,Talen Horton-Tucker,SG,22,UTA,27,1,17.2,2.8,7.2,0.387,0.7,3,0.238,2.1,4.2,0.491,0.436,1.1,1.5,0.732,0.5,2.3,2.7,2.5,0.8,0.4,1.3,1.5,7.4
203,Danuel House Jr.,SF,29,PHI,22,2,18.4,1.6,3.4,0.48,0.7,2,0.349,1,1.5,0.656,0.58,1,1.3,0.75,0.2,1.8,2,0.8,0.3,0.2,0.6,1.4,4.9
204,Caleb Houstan,SF,20,ORL,21,1,18.7,1.4,3.8,0.363,1,2.7,0.351,0.4,1.1,0.391,0.488,0.5,0.6,0.846,0.7,1.9,2.6,0.8,0.2,0.1,0.3,1.7,4.2
205,Trevor Hudgins,PG,23,HOU,1,0,4,1,1,1,1,1,1,0,0,,1.5,0,0,,0,0,0,0,0,0,0,0,3
206,Kevin Huerter,SG,24,SAC,25,25,32.2,5.5,11.7,0.471,3,7.1,0.416,2.6,4.6,0.557,0.597,1.6,2.4,0.683,0.5,2.9,3.4,3.3,1.1,0.4,1.5,2.4,15.6
207,De'Andre Hunter,SF,25,ATL,22,22,30.6,5.5,12.1,0.451,1.4,3.8,0.361,4.1,8.3,0.492,0.508,2.7,3.3,0.808,0.6,3.3,4,1.1,0.3,0.1,1.3,3,15
208,Bones Hyland,PG,22,DEN,18,0,21.3,4.7,11.7,0.398,2.8,6.4,0.443,1.8,5.3,0.344,0.519,2,2.4,0.818,0.3,1.9,2.2,3.3,0.7,0.4,1.8,1.6,14.2
209,Serge Ibaka,PF,33,MIL,14,0,11.4,1.6,3.1,0.523,0.4,1,0.429,1.2,2.1,0.567,0.591,0.6,0.9,0.615,0.9,2,2.9,0.3,0,0.4,0.6,1.4,4.3
210,Brandon Ingram,SF,25,NOP,15,15,32.1,7.3,15.4,0.472,1.9,4,0.467,5.4,11.4,0.474,0.532,4.4,5.1,0.868,0.5,4.6,5.1,4.7,0.9,0.7,2.8,2.2,20.8
211,Kyrie Irving,PG,30,BRK,19,19,36.8,9.5,19.6,0.483,2.6,8,0.329,6.8,11.6,0.588,0.55,3.7,4.1,0.91,0.8,3.9,4.7,4.5,0.8,1.1,2.4,2.7,25.3
212,Jaden Ivey,SG,20,DET,25,24,30.7,5.4,13.3,0.404,1.4,4.8,0.3,3.9,8.5,0.462,0.458,3.1,4.3,0.722,1.1,3.4,4.4,4,1.1,0.3,2.8,2.8,15.3
213,Isaiah Jackson,PF,21,IND,25,3,16.1,2.6,4.8,0.542,0,0.2,0.2,2.6,4.6,0.557,0.546,1.9,2.7,0.691,1.4,2.7,4.1,1,0.5,1.2,1,2.4,7.1
214,Jaren Jackson Jr.,C,23,MEM,10,10,26.6,6.4,12.6,0.508,1.9,5.1,0.373,4.5,7.5,0.6,0.583,4,5.3,0.755,2,4.1,6.1,0.2,1.1,3.2,1.7,3,18.7
215,Justin Jackson,SF,27,BOS,11,0,5.3,0.2,1.2,0.154,0.2,1,0.182,0,0.2,0,0.231,0,0,,0,0.5,0.5,0.4,0.2,0.1,0,0.3,0.5
216,Reggie Jackson,PG,32,LAC,27,27,29.5,4.7,11.4,0.409,1.7,4.7,0.357,3,6.7,0.445,0.482,1.7,1.9,0.9,0.5,2.1,2.6,4.2,0.6,0.1,2.4,1.9,12.7
217,LeBron James,PF,38,LAL,19,19,35.9,10.2,21.7,0.47,2.3,7.3,0.319,7.9,14.5,0.545,0.523,3.4,4.8,0.714,1.5,7.1,8.6,6.3,1.2,0.6,3.3,1.9,26.2
218,Ty Jerome,SG,25,GSW,12,1,14.5,1.8,3.4,0.512,0.6,1.6,0.368,1.2,1.8,0.636,0.598,1,1,1,0.1,0.9,1,1.8,0.1,0.1,0.3,1.2,5.1
219,Isaiah Joe,SG,23,OKC,19,0,9.4,1.8,3.8,0.486,1.5,3.2,0.459,0.4,0.6,0.636,0.681,0.5,0.6,0.833,0.2,1.4,1.6,1,0.5,0.1,0.5,0.9,5.7
220,Alize Johnson,PF,26,SAS,4,0,7.5,0.8,1.5,0.5,0,0.5,0,0.8,1,0.75,0.5,0.3,0.5,0.5,0.5,2,2.5,0.3,0.3,0,1,0.8,1.8
221,Cameron Johnson,PF,26,PHO,8,8,25.3,4.6,10.4,0.446,2.8,6.4,0.431,1.9,4,0.469,0.578,1,1.4,0.727,0.6,2.8,3.4,1.8,1.1,0.4,0.3,1.8,13
222,Jalen Johnson,SF,21,ATL,25,4,15.6,1.9,4.2,0.448,0.3,1.4,0.194,1.6,2.8,0.58,0.481,0.5,0.7,0.667,0.6,3,3.6,1,0.6,0.3,0.4,1.9,4.5
223,James Johnson,PF,35,IND,7,0,8.9,0.9,2.3,0.375,0.1,1,0.143,0.7,1.3,0.556,0.406,0,0,,0,1.1,1.1,0.7,0.1,0.3,0.3,2.3,1.9
224,Keldon Johnson,SF,23,SAS,24,24,32.5,7.4,18.2,0.408,2.8,8,0.347,4.6,10.1,0.457,0.485,3.3,4.4,0.736,1,4.3,5.2,3,0.8,0.1,2.4,1.9,20.9
225,Keon Johnson,SG,20,POR,7,0,15.3,2.4,6.6,0.37,1.3,3.4,0.375,1.1,3.1,0.364,0.467,0.3,0.9,0.333,0.4,1.7,2.1,1.4,0.7,0.3,1.9,1.4,6.4
226,Nikola Jokić,C,27,DEN,23,23,32.5,9,14.4,0.62,0.8,2.5,0.316,8.2,12,0.684,0.648,5.1,6.3,0.801,2,8.1,10.1,9.1,1.2,0.7,3.3,2.8,23.8
227,Damian Jones,C,27,LAL,13,1,9.2,1.1,2,0.538,0,0.1,0,1.1,1.9,0.56,0.538,0.8,1.1,0.786,1.2,1.9,3.1,0.3,0.1,0.5,0.5,0.8,3
228,Derrick Jones Jr.,SF,25,CHI,21,0,13.8,1.9,3.9,0.488,0.4,1.2,0.346,1.5,2.7,0.554,0.543,1.4,1.7,0.829,1,1.4,2.4,0.6,0.5,0.7,0.4,1.4,5.6
229,Herbert Jones,SF,24,NOP,17,17,28.2,3.7,8.4,0.444,0.8,2.9,0.286,2.9,5.5,0.527,0.493,2.4,3.2,0.741,1.2,2.5,3.7,2.1,1.2,0.8,1.2,3.3,10.6
230,Kai Jones,C,22,CHO,18,0,10.2,1.3,2.7,0.469,0.2,0.6,0.273,1.1,2.1,0.526,0.5,0.4,0.6,0.7,1,1.3,2.3,0.2,0.2,0.6,0.4,1.3,3.1
231,Tre Jones,PG,23,SAS,25,25,30.6,4.6,11,0.423,0.8,2.6,0.303,3.8,8.3,0.462,0.46,2.5,2.8,0.899,0.7,2.7,3.4,6.6,1.5,0.2,1.9,1.8,12.6
232,Tyus Jones,PG,26,MEM,26,4,23.8,4,9,0.44,1.5,3.9,0.373,2.5,5.1,0.492,0.521,0.7,1,0.704,0.5,1.8,2.3,4.6,0.7,0.1,1.1,0.5,10.1
233,DeAndre Jordan,C,34,DEN,21,3,15.4,2.2,2.9,0.767,0,0,1,2.1,2.8,0.763,0.775,0.7,1.5,0.469,1.6,4.3,5.9,1,0.1,0.7,1.2,1.6,5.1
234,Cory Joseph,PG,31,DET,23,2,15.5,1.9,4.3,0.43,0.7,1.9,0.372,1.2,2.5,0.474,0.51,0.5,0.7,0.647,0.3,0.8,1.1,3.2,0.3,0.1,0.5,1.3,4.9
235,Nikola Jović,PF,19,MIA,11,6,15.4,2.1,5.2,0.404,0.5,2.5,0.214,1.5,2.6,0.586,0.456,1.6,1.7,0.947,0.7,1.7,2.5,0.9,0.5,0.1,0.8,1.2,6.4
236,Mfiondu Kabengele,PF,25,BOS,1,0,8,1,2,0.5,0,1,0,1,1,1,0.5,0,0,,3,1,4,0,0,0,0,1,2
237,Frank Kaminsky,C,29,ATL,11,0,6.1,0.6,1.1,0.583,0.3,0.5,0.5,0.4,0.5,0.667,0.708,0.4,0.4,1,0,1.2,1.2,0.6,0,0,0.3,0.9,1.9
238,Trevor Keels,SG,19,NYK,1,0,1,0,1,0,0,1,0,0,0,,0,0,0,,0,1,1,0,0,0,0,0,0
239,Luke Kennard,SG,26,LAC,17,7,21.6,2.9,5.8,0.505,1.7,3.6,0.468,1.2,2.2,0.568,0.652,0.3,0.3,1,0.2,2.6,2.9,1,0.5,0.1,1.1,1.2,7.9
240,Walker Kessler,C,21,UTA,26,2,16.6,2.6,3.5,0.756,0,0,,2.6,3.5,0.756,0.756,0.9,1.5,0.575,2.2,3.5,5.7,0.6,0.2,1.8,0.7,2.1,6.1
241,Braxton Key,SF,25,DET,3,0,3,0.3,0.3,1,0,0,,0.3,0.3,1,1,0.7,0.7,1,0,0.3,0.3,0,0,0,0,0,1.3
242,Corey Kispert,SF,23,WAS,19,12,27.9,3.5,6.8,0.512,1.7,4.2,0.418,1.7,2.6,0.66,0.64,0.8,1.2,0.727,0.6,1.9,2.6,1.7,0.6,0.2,0.7,1.6,9.5
243,Maxi Kleber,C,31,DAL,21,0,25.4,2.3,4.7,0.49,1,2.9,0.361,1.2,1.8,0.703,0.602,0.5,0.7,0.786,0.8,2.6,3.4,1,0.3,1,0.6,2.2,6.1
244,Nathan Knight,PF,25,MIN,9,0,2.7,0.1,0.3,0.333,0,0.1,0,0.1,0.2,0.5,0.333,0.3,0.6,0.6,0,0.7,0.7,0,0.3,0,0.2,0.2,0.6
245,Kevin Knox,SF,23,DET,22,0,13.7,2,4.3,0.457,1,2.8,0.361,1,1.5,0.636,0.574,0.4,0.6,0.692,0.5,1.9,2.4,0.4,0.3,0.3,0.5,1.8,5.3
246,Christian Koloko,C,22,TOR,27,15,16.7,1.4,3.1,0.446,0,0.3,0,1.4,2.8,0.487,0.446,1,1.6,0.651,1.6,1.8,3.4,0.4,0.3,1.3,0.5,2.8,3.8
247,John Konchar,SG,26,MEM,24,16,27.8,3.1,6.8,0.463,1.5,4,0.385,1.6,2.8,0.576,0.577,0.6,0.7,0.882,1.3,5,6.3,1.4,1.1,0.3,0.8,1.8,8.4
248,Furkan Korkmaz,SG,25,PHI,15,0,12.5,1.5,3.9,0.39,0.7,1.9,0.357,0.9,2.1,0.419,0.475,1.1,1.6,0.708,0.3,1.1,1.3,0.9,0.3,0.1,0.7,0.5,4.9
249,Luke Kornet,C,27,BOS,22,0,13.5,2,2.8,0.71,0.1,0.3,0.333,1.9,2.5,0.75,0.726,0.7,0.7,0.938,1.2,2.3,3.5,0.8,0.2,0.9,0.5,1.6,4.8
250,Vit Krejci,PG,22,ATL,12,0,6.6,0.6,1.5,0.389,0.4,1.2,0.357,0.2,0.3,0.5,0.528,0.1,0.2,0.5,0.1,0.5,0.6,0.8,0.1,0.1,0.3,0.7,1.7
251,Jonathan Kuminga,PF,20,GSW,23,2,16.7,2.6,5.3,0.488,0.5,1.9,0.256,2.1,3.5,0.613,0.533,1.1,1.5,0.714,0.9,2.2,3.1,1.1,0.3,0.5,1.3,2,6.8
252,Kyle Kuzma,PF,27,WAS,26,26,34.8,8.1,17.6,0.462,2.5,7.4,0.333,5.7,10.2,0.555,0.532,2.7,3.6,0.745,1,6.7,7.7,3.6,0.5,0.4,2.7,2.6,21.4
253,Anthony Lamb,SF,25,GSW,19,2,17.8,2.2,4.4,0.506,1,2.7,0.373,1.2,1.7,0.719,0.62,0.1,0.3,0.333,0.7,2.6,3.3,1.5,0.6,0.2,1.1,2.3,5.5
254,Jock Landale,C,27,PHO,24,0,13.1,2.5,4.7,0.527,0.2,1.3,0.161,2.3,3.4,0.667,0.549,1.2,1.5,0.778,1.5,2,3.6,0.8,0.3,0.7,0.8,1.9,6.3
255,Romeo Langford,SG,23,SAS,15,4,19.5,2.7,5.5,0.5,0.3,1.5,0.227,2.4,4,0.6,0.53,1,1.4,0.714,1.6,1.4,3,0.9,0.7,0.4,0.9,1.8,6.8
256,Jake LaRavia,PF,21,MEM,16,0,18.4,1.8,4.4,0.414,1.2,3.1,0.388,0.6,1.3,0.476,0.55,0.3,0.3,1,0.8,2.3,3.1,1,0.6,0.2,0.9,2.1,5.1
257,Zach LaVine,SG,27,CHI,22,22,34.2,7.8,17.9,0.434,2.8,7.9,0.358,5,10,0.493,0.513,3.5,4.2,0.826,0.7,3.9,4.5,4.1,1.3,0,2.5,2.4,21.8
258,A.J. Lawson,SG,22,MIN,1,0,2,1,1,1,0,0,,1,1,1,1,0,0,,0,1,1,0,0,0,0,1,2
259,Damion Lee,SG,30,PHO,27,0,21.4,2.9,6.1,0.467,1.9,3.9,0.486,1,2.2,0.433,0.621,0.9,0.9,0.92,0.7,2.7,3.5,1.3,0.4,0.1,0.8,1.5,8.4
260,Saben Lee,PG,23,PHI,2,0,5,1.5,2,0.75,0,0.5,0,1.5,1.5,1,0.75,0,0,,0,0,0,1,0.5,0,1.5,0.5,3
261,Alex Len,C,29,SAC,8,0,3.1,0.6,1.1,0.556,0,0,,0.6,1.1,0.556,0.556,0.1,0.3,0.5,0.4,0.8,1.1,0.3,0,0,0,0.4,1.4
262,Kawhi Leonard,SF,31,LAC,8,6,25,4.4,11,0.398,0.6,3.6,0.172,3.8,7.4,0.508,0.426,2.3,2.6,0.857,0.8,4.4,5.1,3.5,0.5,0.1,1.3,1.4,11.6
263,Caris LeVert,SG,28,CLE,23,16,31.1,4.2,11.1,0.38,1.6,4.4,0.366,2.6,6.7,0.39,0.453,1.9,2.4,0.8,0.9,3.5,4.4,4.5,0.7,0.1,1.8,2.3,12
264,Damian Lillard,PG,32,POR,14,14,35.5,8,18.5,0.432,3.9,10.6,0.362,4.1,7.9,0.527,0.537,7.7,8.6,0.9,0.8,3.4,4.1,7.4,0.8,0.3,3.7,1.8,27.6
265,Nassir Little,PF,22,POR,21,0,15.3,2,4.3,0.473,0.8,2,0.372,1.3,2.3,0.563,0.56,0.7,1,0.667,0.3,2,2.4,0.9,0.4,0.1,0.7,0.8,5.5
266,Isaiah Livers,PF,24,DET,22,7,19.5,1.9,4.7,0.404,1.3,3.7,0.358,0.6,1,0.565,0.543,0.7,0.9,0.75,0.5,1.8,2.3,0.6,0.4,0.5,0.6,1.9,5.8
267,Kenneth Lofton Jr.,PF,20,MEM,4,0,4.8,1.3,3,0.417,0,0.3,0,1.3,2.8,0.455,0.417,0.3,0.8,0.333,0.3,0.5,0.8,0.8,0,0,0.3,0.8,2.8
268,Kevon Looney,C,26,GSW,27,27,23.1,2.7,4.1,0.667,0,0,,2.7,4.1,0.667,0.667,0.9,1.5,0.61,2.4,5.2,7.6,2.8,0.4,0.6,0.4,2.7,6.4
269,Brook Lopez,C,34,MIL,25,25,31.2,5.3,11,0.482,2.2,5.6,0.403,3,5.4,0.563,0.584,1.8,2.1,0.846,1.7,4.2,5.9,1.1,0.5,2.9,1.2,2.2,14.6
270,Robin Lopez,C,34,CLE,19,1,9.4,1.4,2.2,0.659,0,0,,1.4,2.2,0.659,0.659,0.5,0.6,0.75,0.9,0.6,1.5,0.5,0.1,0.1,0.7,1.2,3.3
271,Kevin Love,PF,34,CLE,19,1,20.3,3.1,7.4,0.418,2.1,5.3,0.386,1.1,2.1,0.5,0.557,1.7,2,0.868,0.7,6.4,7.1,2.3,0.2,0.2,1.2,1.5,10
272,Kyle Lowry,PG,36,MIA,26,26,36.4,4.3,10.7,0.401,2.3,6.7,0.353,1.9,4,0.481,0.511,3.4,4,0.854,0.8,4.1,4.9,6.1,1.2,0.6,2.5,2.9,14.3
273,Trey Lyles,PF,27,SAC,20,0,13.8,2,5,0.4,1.2,3.4,0.343,0.9,1.7,0.515,0.515,0.9,1.2,0.739,1,1.7,2.7,0.7,0.3,0.4,1,1.2,6
274,Théo Maledon,PG,21,CHO,25,1,16.8,1.9,4.3,0.444,0.6,1.6,0.375,1.3,2.7,0.485,0.514,1.2,1.4,0.912,0.2,2.2,2.4,2.4,0.8,0.2,1.1,1,5.7
275,Sandro Mamukelashvili,C,23,MIL,12,0,7.5,0.9,2.4,0.379,0.3,1.3,0.267,0.6,1.2,0.5,0.448,0.4,0.8,0.5,0.4,1.5,1.9,0.3,0.1,0.2,0.3,0.7,2.6
276,Terance Mann,SG,26,LAC,27,12,21.4,3.3,6,0.547,0.7,1.9,0.346,2.6,4,0.642,0.602,1.1,1.4,0.744,1.1,2.5,3.6,1.8,0.6,0.3,1.1,1.9,8.3
277,Tre Mann,PG,21,OKC,23,4,21.6,3.5,9.2,0.382,1.4,5,0.287,2.1,4.2,0.495,0.46,0.5,0.8,0.632,0.5,2,2.6,1.7,0.9,0.1,1,1.7,9
278,Boban Marjanović,C,34,HOU,8,0,3.8,0.8,1.3,0.6,0,0.1,0,0.8,1.1,0.667,0.6,0.6,0.9,0.714,0.1,0.8,0.9,0.1,0.1,0.1,0.3,0.1,2.1
279,Lauri Markkanen,SF,25,UTA,26,26,33.9,8,15.1,0.528,2.7,6.4,0.413,5.3,8.7,0.613,0.616,3.7,4.4,0.833,2.2,6.3,8.5,2.2,0.6,0.7,2.2,2,22.2
280,Naji Marshall,SF,25,NOP,24,4,21.8,2.9,6.3,0.457,0.9,2.6,0.355,2,3.7,0.528,0.53,1.3,1.6,0.795,0.8,2.3,3.1,2.3,0.7,0.3,0.9,1.3,8
281,Caleb Martin,PF,27,MIA,26,26,32.7,4.4,9.2,0.475,1.6,3.8,0.42,2.8,5.4,0.514,0.563,1,1.3,0.771,1.6,3.2,4.8,1.9,1.2,0.4,1.2,2,11.4
282,Cody Martin,SF,27,CHO,1,0,1,0,0,,0,0,,0,0,,,0,0,,0,0,0,0,0,0,0,0,0
283,Kenyon Martin Jr.,SF,22,HOU,26,6,24.2,4.1,7.6,0.54,0.8,2.7,0.31,3.3,4.9,0.669,0.596,1.6,2.4,0.661,1.6,3.6,5.2,1.5,0.4,0.4,1.2,1.7,10.7
284,Tyrese Martin,SG,23,ATL,7,0,3,0.4,0.9,0.5,0.1,0.4,0.333,0.3,0.4,0.667,0.583,0,0,,0.3,0.3,0.6,0,0.1,0,0,0.1,1
285,Garrison Mathews,SG,26,HOU,22,0,13.5,1.4,3.6,0.38,1.3,3.4,0.373,0.1,0.2,0.5,0.557,1.1,1.2,0.923,0.1,1,1.1,0.4,0.5,0.1,0.3,1.4,5.1
286,Bennedict Mathurin,SG,20,IND,27,1,28.7,5.7,13.7,0.417,1.9,5.3,0.357,3.8,8.4,0.456,0.486,4.6,5.8,0.796,1.3,2.9,4.1,1.6,0.6,0.1,1.9,1.9,17.9
287,Wesley Matthews,SG,36,MIL,18,0,15.5,1,3.3,0.305,0.8,2.6,0.298,0.2,0.7,0.333,0.424,0.4,0.4,0.875,0.8,1.1,1.9,0.6,0.5,0.2,0.3,1.7,3.2
288,Tyrese Maxey,SG,22,PHI,15,15,36.4,8.4,18.2,0.462,2.9,6.8,0.422,5.5,11.4,0.485,0.54,3.2,4.3,0.738,0.4,3.1,3.5,4.4,1,0.3,2,2.3,22.9
289,Miles McBride,PG,22,NYK,15,0,10.3,1,3,0.333,0.3,1.7,0.192,0.7,1.3,0.526,0.389,0.3,0.5,0.5,0.2,0.4,0.6,1.6,0.5,0,0.4,0.9,2.6
290,CJ McCollum,SG,31,NOP,22,22,34.9,7,17.2,0.405,2.1,6.5,0.319,4.9,10.6,0.457,0.466,1.5,1.8,0.825,1,3.9,4.9,5.9,1.1,0.5,2,1.8,17.5
291,T.J. McConnell,PG,30,IND,24,0,17.8,2.4,5.4,0.45,0.2,0.6,0.286,2.3,4.8,0.47,0.465,0.5,0.6,0.929,0.6,1.8,2.3,4.1,1.3,0.2,1.7,1.3,5.5
292,Jaden McDaniels,PF,22,MIN,23,23,29.7,4.4,8.1,0.54,1.2,3.1,0.38,3.2,5,0.638,0.612,1.2,1.5,0.771,1.3,2,3.2,1.3,1.1,1.2,1.6,3.6,11.1
293,Jalen McDaniels,SF,25,CHO,27,9,26.7,3.9,8.7,0.443,1.2,3.5,0.337,2.7,5.2,0.514,0.511,1.5,1.7,0.872,0.9,3.8,4.7,2.4,1,0.5,1.4,3.1,10.4
294,Doug McDermott,SF,31,SAS,22,0,21,3.9,8.2,0.478,2,4.8,0.425,1.9,3.4,0.554,0.603,0.6,0.9,0.684,0.3,1.6,1.9,1.6,0.1,0.2,1,1.6,10.5
295,JaVale McGee,C,35,DAL,17,7,9.3,2.1,3.3,0.625,0.1,0.2,0.333,2,3.1,0.642,0.634,0.7,1.3,0.545,0.7,1.9,2.6,0.2,0.2,0.5,0.9,1.3,4.9
296,Bryce McGowens,SG,20,CHO,12,0,15.2,1.5,3.6,0.419,0.5,1.3,0.375,1,2.3,0.444,0.488,0.9,1,0.917,0.3,1.2,1.4,1.1,0.3,0.3,0.5,0.6,4.4
297,Rodney McGruder,SG,31,DET,9,2,9.2,0.6,2.4,0.227,0.3,1.8,0.188,0.2,0.7,0.333,0.295,0.4,0.4,1,0.7,1.1,1.8,0.8,0,0,0.3,0.3,1.9
298,Jordan McLaughlin,PG,26,MIN,18,0,15.9,1.6,3.7,0.424,0.4,1.9,0.235,1.1,1.8,0.625,0.485,0.5,0.5,1,0.4,1.3,1.7,3.6,0.8,0.1,0.8,0.4,4.1
299,De'Anthony Melton,PG,24,PHI,24,17,29.4,4.4,10.4,0.426,2.3,5.9,0.394,2.1,4.5,0.467,0.538,0.7,1,0.68,1.1,3.3,4.4,3.3,2.2,0.5,1.8,2.1,11.9
300,Chimezie Metu,C,25,SAC,21,0,12.2,2.3,3.8,0.62,0.2,0.9,0.222,2.1,2.9,0.738,0.646,0.8,1,0.8,0.6,2.7,3.3,0.8,0.4,0.2,0.7,1.2,5.6
301,Khris Middleton,SF,31,MIL,5,5,23.8,3.6,10.4,0.346,1.4,5.2,0.269,2.2,5.2,0.423,0.413,2.4,2.8,0.857,0.2,2.2,2.4,4.6,0.6,0.2,0.8,2.2,11
302,Patty Mills,PG,34,BRK,21,1,12,1.9,4.3,0.44,1.1,3,0.381,0.8,1.3,0.571,0.571,0.5,0.6,0.917,0.2,0.8,1,1.3,0.2,0,0.4,0.5,5.5
303,Shake Milton,SG,26,PHI,22,8,24.1,4.5,8.7,0.518,0.9,2.3,0.38,3.6,6.4,0.567,0.568,1.6,1.9,0.854,0.7,2.6,3.4,3.5,0.3,0.2,1.8,1.8,11.5
304,Josh Minott,SF,20,MIN,1,0,5,1,1,1,0,0,,1,1,1,1,2,2,1,2,1,3,1,0,1,0,1,4
305,Davion Mitchell,PG,24,SAC,25,3,20,2.7,5.9,0.456,0.8,2.6,0.308,1.9,3.3,0.573,0.524,0.5,0.7,0.706,0.1,1.5,1.6,2.4,0.5,0.2,1.1,1.7,6.6
306,Donovan Mitchell,SG,26,CLE,23,23,36.7,10.1,20.4,0.496,3.9,9.1,0.424,6.3,11.3,0.554,0.59,4.9,5.5,0.89,0.9,3.1,4,4.9,1.5,0.4,3,2.4,29
307,Evan Mobley,PF,21,CLE,27,27,34.3,6.1,11,0.556,0.3,1.1,0.241,5.9,9.9,0.59,0.567,2.5,3.7,0.677,2.8,6.5,9.3,2.5,0.9,1.4,2.1,2.9,15
308,Isaiah Mobley,PF,23,CLE,7,0,3.6,0.6,1.1,0.5,0.1,0.3,0.5,0.4,0.9,0.5,0.563,0,0,,0.1,1.4,1.6,0,0.1,0,0,0.3,1.3
309,Chima Moneke,SF,27,SAC,2,0,4,0.5,1,0.5,0,0,,0.5,1,0.5,0.5,0,1,0,1,0,1,0.5,0,0,1,1,1
310,Malik Monk,SG,24,SAC,25,0,22.5,5.3,11.4,0.465,2,5.8,0.345,3.3,5.6,0.59,0.553,1.9,2.1,0.904,0.4,1.9,2.3,3.8,0.7,0.2,2,1.6,14.4
311,Moses Moody,SG,20,GSW,22,1,14.7,1.6,3.8,0.422,0.9,2.5,0.37,0.7,1.3,0.517,0.542,0.8,1,0.818,0.3,1.5,1.9,0.5,0.4,0.2,1,0.8,4.9
312,Wendell Moore Jr.,SG,21,MIN,9,2,6.6,0.8,1.9,0.412,0.2,1,0.222,0.6,0.9,0.625,0.471,0.2,0.3,0.667,0.1,0.7,0.8,0.3,0.1,0.1,0.6,0.9,2
313,Ja Morant,PG,23,MEM,22,22,33,9.6,21,0.458,1.8,5,0.355,7.9,16,0.49,0.5,6.7,9,0.742,1.4,5.2,6.6,7.8,1.2,0.3,3.8,2,27.7
314,Marcus Morris,PF,33,LAC,25,25,30.3,5.2,11.8,0.446,2.1,5.4,0.382,3.2,6.3,0.5,0.534,1.2,1.5,0.784,0.4,4.4,4.9,1.8,0.8,0.4,0.8,2.3,13.7
315,Markieff Morris,PF,33,BRK,16,1,12,1.4,3.3,0.415,1,2.2,0.457,0.4,1.1,0.333,0.566,0.4,0.4,1,0.5,2.1,2.6,1.1,0.4,0.3,0.6,1.3,4.1
316,Monte Morris,PG,27,WAS,23,23,27.9,3.7,8.3,0.447,1.2,3.3,0.368,2.5,5,0.5,0.521,0.8,1,0.75,0.4,3.1,3.5,5.2,0.7,0.2,1,1.4,9.4
317,Trey Murphy III,SF,22,NOP,24,14,28.8,4.3,9.2,0.471,2.4,5.9,0.401,2,3.3,0.595,0.6,1.8,2,0.936,1.1,3.3,4.4,1.5,1.2,0.5,0.9,2,12.9
318,Dejounte Murray,SG,26,ATL,25,25,35.6,8.2,18.2,0.452,2.1,5.8,0.366,6.1,12.4,0.492,0.51,2.2,2.7,0.836,0.8,4.7,5.4,6.2,1.8,0.4,2.6,1.7,20.8
319,Jamal Murray,PG,25,DEN,22,22,30.4,7,15.7,0.443,1.9,5.4,0.356,5,10.3,0.489,0.504,2.5,3.2,0.786,0.6,3.1,3.7,5.1,0.9,0.2,2,1.4,18.3
320,Keegan Murray,SF,22,SAC,23,21,28.7,4.3,10,0.433,2.2,5.9,0.368,2.2,4.1,0.526,0.541,1.1,1.3,0.839,0.9,3.2,4.1,0.8,0.7,0.7,1.4,2.2,12
321,Mike Muscala,C,31,OKC,17,1,12.5,1.9,4.2,0.444,0.9,2.8,0.333,0.9,1.4,0.667,0.556,0.7,0.9,0.75,0.5,2.8,3.2,0.9,0.1,0.5,0.4,1.5,5.4
322,Svi Mykhailiuk,SF,25,NYK,9,0,3.2,0.6,1,0.556,0.6,0.8,0.714,0,0.2,0,0.833,0.1,0.3,0.333,0,0.7,0.7,0,0,0,0.2,0.1,1.8
323,Larry Nance Jr.,PF,30,NOP,24,0,23,4,6.1,0.664,0.4,0.8,0.45,3.7,5.3,0.698,0.695,1,1.3,0.774,1.7,3.9,5.6,1.9,1,0.9,1,2.2,9.5
324,Andrew Nembhard,SG,23,IND,22,13,24.8,3.3,7,0.465,1.5,3.7,0.407,1.8,3.4,0.527,0.571,0.5,0.5,0.909,0.5,2.5,3,4.1,1,0.1,1.4,2.8,8.5
325,Aaron Nesmith,SF,23,IND,23,12,21.3,2.7,6.7,0.394,1.4,4,0.363,1.2,2.8,0.438,0.5,1.2,1.4,0.844,0.6,2.6,3.1,1.1,0.7,0.4,1,3,7.9
326,Raul Neto,PG,30,CLE,18,0,9.3,1.1,2.3,0.463,0.3,0.9,0.294,0.8,1.3,0.583,0.524,0.6,0.7,0.833,0.1,0.7,0.8,1.2,0.4,0,0.3,0.7,2.9
327,Georges Niang,PF,29,PHI,24,0,19.4,3.3,7.1,0.462,2.3,5.2,0.432,1,1.9,0.543,0.62,0.5,0.6,0.867,0.2,1.9,2.1,1.1,0.4,0.3,0.8,2.3,9.4
328,Daishen Nix,PG,20,HOU,24,0,15,1.2,3.4,0.341,0.7,2.2,0.321,0.5,1.2,0.379,0.445,0.5,0.7,0.765,0.4,1.3,1.8,2.6,0.7,0.1,1.3,1,3.6
329,Zeke Nnaji,PF,22,DEN,18,0,10.1,1.8,3.1,0.589,0.2,0.8,0.214,1.7,2.3,0.714,0.616,0.4,0.6,0.8,0.9,0.4,1.4,0.2,0.2,0.2,0.5,1.4,4.3
330,Nerlens Noel,C,28,DET,6,0,10.3,0.7,2.2,0.308,0,0,,0.7,2.2,0.308,0.308,0.5,0.7,0.75,0.5,2.7,3.2,0.5,0.8,0.3,0.5,1.5,1.8
331,Jaylen Nowell,SG,23,MIN,26,0,18.5,4.3,10.1,0.43,1.3,4.1,0.308,3.1,6,0.513,0.492,1.3,1.6,0.81,0.7,2.1,2.8,2.2,0.6,0.1,0.8,1.4,11.3
332,Frank Ntilikina,PG,24,DAL,8,0,8.1,0.5,2.3,0.222,0.1,1.1,0.111,0.4,1.1,0.333,0.25,0,0,,0.1,1.3,1.4,1.3,0.4,0.1,0.3,0.6,1.1
333,Kendrick Nunn,PG,27,LAL,22,2,12.9,2.1,5.9,0.357,0.8,2.9,0.266,1.3,3,0.446,0.422,0.5,0.5,0.909,0,1.2,1.3,1.1,0.2,0,1.1,0.9,5.4
334,Jusuf Nurkić,C,28,POR,23,23,29.6,5.5,10.5,0.527,0.7,1.7,0.425,4.8,8.7,0.547,0.562,2.7,3.9,0.697,2.7,7.4,10.2,2.7,0.7,1,2.4,3.4,14.5
335,Jordan Nwora,SF,24,MIL,22,3,18.5,2.2,6.1,0.363,1.2,3.2,0.371,1,3,0.354,0.459,1.1,1.3,0.828,0.9,2.5,3.5,1,0.3,0.1,1,1,6.7
336,Royce O'Neale,SF,29,BRK,27,27,36,3.2,8.6,0.377,2.3,5.6,0.407,1,3,0.321,0.509,0.6,0.9,0.64,0.9,4.4,5.4,4.7,1.1,0.7,1.8,3.3,9.3
337,Chuma Okeke,PF,24,ORL,18,7,21.8,1.8,4.8,0.368,1,3.3,0.3,0.8,1.5,0.519,0.471,0.9,1.2,0.762,1.2,3.1,4.2,1.4,0.6,0.5,0.5,1.9,5.4
338,Josh Okogie,SG,24,PHO,23,0,9,1.1,3,0.382,0.3,1.4,0.25,0.8,1.6,0.5,0.441,0.9,1.2,0.714,1,1.3,2.2,0.8,0.6,0.3,0.6,1.2,3.5
339,Onyeka Okongwu,C,22,ATL,26,2,20.5,3.3,5.1,0.647,0,0.1,0,3.3,5,0.662,0.647,1.3,1.8,0.729,2.2,4,6.2,1,0.5,0.7,0.9,2.9,8
340,Isaac Okoro,SG,22,CLE,27,4,18.8,1.5,3.7,0.404,0.4,1.7,0.255,1,1.9,0.538,0.465,0.9,1,0.821,0.5,1.5,2,0.7,0.6,0.3,0.7,2.1,4.3
341,KZ Okpala,PF,23,SAC,17,3,8.6,0.6,1.4,0.458,0.2,0.6,0.3,0.5,0.8,0.571,0.521,0.4,0.4,1,0.4,1,1.4,0.5,0.2,0.2,0.2,1.2,1.8
342,Victor Oladipo,SG,30,MIA,3,0,21,3.3,8,0.417,1,4,0.25,2.3,4,0.583,0.479,1,2,0.5,0,2.3,2.3,2.3,0,0,0.3,2.3,8.7
343,Kelly Olynyk,PF,31,UTA,29,29,28.8,4.4,8.2,0.544,1.6,3.5,0.455,2.9,4.7,0.61,0.641,2.7,3.2,0.83,1.3,3.8,5,3.3,1.2,0.7,2.2,4.1,13.2
344,Eugene Omoruyi,SF,25,OKC,9,0,13.2,2.4,4.9,0.5,0.8,2,0.389,1.7,2.9,0.577,0.58,0.8,1.2,0.636,0.9,1.2,2.1,0.4,0.8,0,0.6,2.6,6.4
345,Cedi Osman,SF,27,CLE,27,0,23.7,3.4,7.7,0.442,1.4,4.2,0.327,2,3.5,0.579,0.531,1,1.4,0.692,0.3,2.7,3,1.6,0.4,0.1,1,1.9,9.2
346,Kelly Oubre Jr.,SF,27,CHO,27,27,33,7.8,17.8,0.437,2.3,7.3,0.318,5.4,10.5,0.519,0.502,2.9,4.1,0.718,1.6,3.6,5.2,1.2,1.7,0.3,1.2,2.9,20.8
347,Chris Paul,PG,37,PHO,13,13,30.3,3.1,8.2,0.377,1.2,3.6,0.319,1.9,4.5,0.424,0.448,2.6,3,0.872,0.5,4.2,4.6,8.9,1.5,0.2,1.9,2.7,9.9
348,Cameron Payne,PG,28,PHO,25,14,25.4,4.8,11.7,0.411,1.8,4.8,0.375,3,6.9,0.436,0.488,1.4,1.9,0.766,0.4,2.1,2.5,5.5,1,0.2,2,2.2,12.8
349,Theo Pinson,SG,27,DAL,8,0,3.4,0.1,0.6,0.2,0,0.5,0,0.1,0.1,1,0.2,0.3,0.3,1,0,0.8,0.8,0.3,0.1,0,0.1,0.1,0.5
350,Scotty Pippen Jr.,PG,22,LAL,2,0,4,0,1,0,0,0,,0,1,0,0,1.5,2,0.75,0.5,0.5,1,0,0,0,0.5,1,1.5
351,Mason Plumlee,C,32,CHO,27,27,27.9,3.6,6.1,0.588,0,0,,3.6,6.1,0.588,0.588,2.3,4.1,0.568,3.1,6.2,9.3,4.1,0.6,0.6,1.9,3.3,9.5
352,Jakob Poeltl,C,27,SAS,20,20,27.3,5.7,8.9,0.64,0,0,,5.7,8.9,0.64,0.64,1.5,2.8,0.518,3.9,6,9.9,3.5,0.9,1,2.4,2.3,12.9
353,Aleksej Pokusevski,PF,21,OKC,23,18,22.8,3.8,8.3,0.461,1.3,3.3,0.403,2.5,5,0.5,0.542,0.6,1,0.609,1.7,3.6,5.2,1.9,0.6,1.5,1.4,1.8,9.6
354,Jordan Poole,SG,23,GSW,27,8,28,6.1,14.1,0.43,2.4,7.5,0.322,3.7,6.6,0.553,0.516,3.2,3.8,0.853,0.3,1.9,2.1,4.6,0.8,0.3,3,2.2,17.8
355,Kevin Porter Jr.,PG,22,HOU,25,25,34.6,6.4,15.5,0.413,1.9,5.8,0.333,4.5,9.7,0.461,0.475,4,5.2,0.769,1.4,4.1,5.5,5.8,1.3,0.4,3.8,2.9,18.7
356,Michael Porter Jr.,SF,24,DEN,16,16,29.1,6,12.9,0.466,2.9,6.9,0.427,3.1,6,0.51,0.58,1.5,1.9,0.8,1.2,4.8,6,1.3,0.6,0.4,1.1,2.6,16.4
357,Otto Porter Jr.,SF,29,TOR,8,2,18.3,1.9,3.8,0.5,0.8,2.1,0.353,1.1,1.6,0.692,0.6,1,1,1,0.8,1.6,2.4,1,1.4,0,0.5,0.9,5.5
358,Bobby Portis,PF,27,MIL,26,7,26.3,5.7,11.8,0.487,1.1,3.6,0.309,4.6,8.2,0.566,0.534,1,1.3,0.765,2.5,7.8,10.3,2.2,0.3,0.3,1.2,1.8,13.6
359,Kristaps Porziņģis,PF,27,WAS,26,26,32.8,7.5,15.8,0.477,2,5.7,0.347,5.6,10.2,0.549,0.539,5.6,7,0.798,2.1,7,9.1,2.7,0.8,1.6,2.1,3.2,22.7
360,Micah Potter,PF,24,UTA,2,0,6,1,1,1,0,0,,1,1,1,1,0,0,,0.5,1,1.5,0.5,0,0,0,1,2
361,Dwight Powell,C,31,DAL,23,19,17.3,2.3,3.3,0.711,0,0,0,2.3,3.3,0.72,0.711,1.3,2,0.652,1.8,1.8,3.6,0.5,0.6,0.4,0.9,2.6,6
362,Norman Powell,SG,29,LAC,22,5,25.3,5.1,11.2,0.459,1.6,4.3,0.379,3.5,6.9,0.51,0.533,2.9,3.7,0.78,0.4,2.5,2.9,1.5,0.8,0.3,1.8,1.8,14.8
363,Jason Preston,PG,23,LAC,4,0,6.8,1.5,3.3,0.462,0.5,1.8,0.286,1,1.5,0.667,0.538,0,0.5,0,0.3,0.5,0.8,1.3,0,0,0.5,0.5,3.5
364,Joshua Primo,SG,20,SAS,4,0,23.3,2.3,6.5,0.346,0.8,3,0.25,1.5,3.5,0.429,0.404,1.8,2.3,0.778,0.5,2.8,3.3,4.5,0.3,0.5,2.8,2,7
365,Taurean Prince,SF,28,MIN,18,0,19.6,2.8,5.7,0.495,1.2,3,0.389,1.7,2.7,0.612,0.597,1.1,1.2,0.864,0.3,2.2,2.5,1.2,0.3,0.2,1.2,2.4,7.9
366,Payton Pritchard,PG,25,BOS,16,0,11.8,1.9,4.8,0.408,1,2.8,0.364,0.9,2,0.469,0.513,0.4,0.6,0.7,0.6,0.9,1.6,1.1,0.4,0.1,0.8,0.4,5.3
367,Trevelin Queen,PG,25,IND,2,0,10,0,1.5,0,0,1.5,0,0,0,,0,0,0,,0.5,1,1.5,1,0.5,0.5,1.5,0.5,0
368,Immanuel Quickley,PG,23,NYK,27,0,23.2,3.4,8.5,0.404,1.2,3.9,0.314,2.2,4.6,0.48,0.476,2,2.3,0.841,0.6,3.7,4.3,3,0.9,0.1,1.4,1.9,10.1
369,Julius Randle,PF,28,NYK,27,27,33,7.5,16.3,0.461,2.4,7,0.337,5.1,9.3,0.556,0.534,4.9,6.1,0.799,2,6.7,8.7,3.4,0.7,0.2,2.6,3.2,22.3
370,Austin Reaves,SG,24,LAL,26,9,29.1,3.5,6.7,0.514,1.2,3.2,0.386,2.2,3.5,0.63,0.606,2.7,2.9,0.908,0.7,2.3,3,2.1,0.5,0.3,1.2,1.6,10.8
371,Cam Reddish,SF,23,NYK,20,8,21.9,3.1,6.8,0.449,0.9,2.8,0.304,2.2,4,0.55,0.511,1.5,1.7,0.879,0.4,1.2,1.6,1,0.8,0.4,0.8,1.6,8.4
372,Davon Reed,SG,27,DEN,18,1,11.1,0.9,2.9,0.302,0.6,1.7,0.367,0.3,1.3,0.217,0.406,0.4,0.6,0.8,0.2,1.3,1.6,0.5,0.3,0.1,0.7,1.2,2.8
373,Paul Reed,C,23,PHI,23,0,11.3,1.4,2.4,0.571,0,0.1,0,1.4,2.3,0.604,0.571,0.3,0.5,0.667,1.3,2.3,3.7,0.5,1,0.7,0.7,2.4,3.1
374,Naz Reid,C,23,MIN,20,0,14.5,3.4,6.5,0.515,0.7,2.4,0.298,2.7,4.2,0.639,0.569,1,1.5,0.69,0.9,2.8,3.7,0.7,0.4,1,1,2.3,8.4
375,Nick Richards,C,25,CHO,27,0,18.9,3.4,5.6,0.607,0,0,,3.4,5.6,0.607,0.607,2.3,3,0.744,2.9,3.5,6.4,0.6,0.1,0.7,0.9,2.2,9
376,Josh Richardson,SG,29,SAS,19,2,23.1,3.4,8.7,0.388,1.7,4.9,0.351,1.6,3.7,0.437,0.488,1.5,1.7,0.848,0.5,2,2.5,3.1,0.6,0.1,1.7,1.7,9.9
377,Austin Rivers,SG,30,MIN,16,2,14.4,0.9,2.6,0.341,0.3,1.5,0.208,0.6,1.1,0.529,0.402,0.8,0.8,0.923,0,1.3,1.3,1,0.2,0.1,0.4,1.3,2.8
378,Duncan Robinson,SF,28,MIA,19,0,16.7,1.9,5.6,0.349,1.3,4.1,0.308,0.7,1.5,0.464,0.462,0.7,0.8,0.933,0.3,1.7,2,1.2,0.2,0,0.6,1.8,5.9
379,Mitchell Robinson,C,24,NYK,19,18,23.6,3.3,4.5,0.729,0,0,,3.3,4.5,0.729,0.729,0.8,1.7,0.455,4.1,4,8.1,0.7,0.6,1.9,0.6,3.1,7.3
380,Orlando Robinson,C,22,MIA,2,0,20,3,6.5,0.462,0,1.5,0,3,5,0.6,0.462,1,1.5,0.667,1,3.5,4.5,0.5,1,0.5,0.5,2.5,7
381,Jeremiah Robinson-Earl,PF,22,OKC,25,18,21.4,3.3,6.8,0.485,1.2,3,0.387,2.2,3.8,0.563,0.57,0.8,1,0.769,2,3.1,5.1,1,0.8,0.4,0.6,1.9,8.6
382,Isaiah Roby,PF,24,SAS,21,0,12.9,1.8,4.1,0.442,0.6,1.8,0.324,1.2,2.3,0.531,0.512,0.4,1,0.429,0.5,2.4,2.9,1.3,0.6,0.3,0.7,1.4,4.6
383,David Roddy,PF,21,MEM,26,1,19,2.2,5.7,0.389,1,3.2,0.317,1.2,2.6,0.478,0.477,0.7,1,0.704,0.7,1.9,2.6,0.7,0.3,0.3,0.7,1.5,6.2
384,Ryan Rollins,PG,20,GSW,7,0,6.1,0.7,2.1,0.333,0.4,1.1,0.375,0.3,1,0.286,0.433,0.3,0.3,1,0.1,0.9,1,0.4,0,0,1.7,1.3,2.1
385,Derrick Rose,PG,34,NYK,21,0,13.6,2.6,6.4,0.4,0.8,2.3,0.347,1.8,4.1,0.43,0.463,0.5,0.5,1,0.4,1.4,1.8,2,0.3,0.2,0.8,0.7,6.4
386,Terrence Ross,SG,31,ORL,25,8,23.7,3.2,7.6,0.418,1.6,4,0.386,1.6,3.5,0.455,0.521,0.4,0.5,0.692,0.3,1.8,2.1,1.2,0.7,0.2,1.2,1.6,8.2
387,Terry Rozier,PG,28,CHO,19,19,37.1,8.5,20.9,0.407,2.7,8.1,0.331,5.8,12.8,0.455,0.471,2.5,3,0.825,1.3,3.5,4.8,5.7,0.7,0.2,2.7,2.2,22.2
388,D'Angelo Russell,PG,26,MIN,26,26,31.8,6,13.1,0.462,2.2,6.2,0.36,3.8,6.9,0.553,0.547,2.1,2.6,0.794,0.6,2.5,3.1,6.3,1.3,0.5,2.8,2.1,16.4
389,Matt Ryan,SF,25,LAL,12,0,10.8,1.3,4.1,0.306,1.1,2.9,0.371,0.2,1.2,0.143,0.439,0.3,0.4,0.8,0.2,1,1.2,0.3,0.2,0,0.3,1.2,3.9
390,Domantas Sabonis,PF,26,SAC,25,25,32.7,6.2,10.2,0.604,0.4,1.2,0.379,5.7,9,0.633,0.625,4.4,6,0.728,2.4,8.9,11.3,6.4,0.8,0.5,2.4,3.7,17.2
391,Dario Šarić,PF,28,PHO,14,3,12,1.4,3.9,0.345,0.6,1.8,0.32,0.8,2.1,0.367,0.418,0.5,0.6,0.778,1.1,2.3,3.4,1.1,0.2,0.1,0.6,1.6,3.8
392,Jordan Schakel,SF,24,WAS,2,0,3,0.5,1,0.5,0.5,0.5,1,0,0.5,0,0.75,0,0,,0,0,0,0.5,0.5,0,0,0.5,1.5
393,Admiral Schofield,PF,25,ORL,17,0,12.2,1.5,3.5,0.441,0.7,2.1,0.343,0.8,1.4,0.583,0.542,0.4,0.4,1,0.8,0.8,1.6,0.8,0.1,0.1,0.2,2.1,4.2
394,Dennis Schröder,PG,29,LAL,12,9,26.3,3,7.3,0.414,0.7,2.5,0.267,2.3,4.8,0.491,0.46,2.2,2.3,0.929,0.1,1.8,1.9,3.8,0.5,0,1.4,1.4,8.8
395,Dereon Seabron,SG,22,NOP,2,0,1.5,0,0,,0,0,,0,0,,,0,0,,0,0,0,0,0,0,0,0,0
396,Alperen Şengün,C,20,HOU,23,20,26.9,5.7,10.6,0.543,0.2,0.9,0.19,5.6,9.7,0.577,0.551,3,3.7,0.791,3.5,5.2,8.7,2.2,0.7,0.9,2.3,3.4,14.6
397,Collin Sexton,SG,24,UTA,27,10,24.5,4.9,9.9,0.493,0.9,2.6,0.362,4,7.4,0.538,0.539,3.6,4.4,0.831,0.8,1.6,2.4,3,0.6,0.1,1.8,2.3,14.3
398,Landry Shamet,SG,25,PHO,18,0,15.9,2.2,5.2,0.415,1.5,3.8,0.397,0.7,1.4,0.462,0.559,0.9,1.1,0.85,0.2,0.6,0.8,1.3,0.6,0.2,0.9,1.3,6.8
399,Day'Ron Sharpe,C,21,BRK,17,1,8.9,1.4,2.6,0.511,0.2,0.2,0.75,1.2,2.4,0.488,0.544,0.7,1,0.706,1.3,2.1,3.4,0.6,0.2,0.6,0.7,1.8,3.6
400,Shaedon Sharpe,SG,19,POR,25,5,19.9,3.2,7,0.46,0.9,2.5,0.349,2.3,4.4,0.523,0.523,0.6,1,0.6,0.8,1.8,2.5,0.5,0.3,0.2,0.7,1.5,7.9
401,Pascal Siakam,C,28,TOR,17,17,34.9,8.8,18.2,0.484,1.3,4.1,0.314,7.5,14.1,0.533,0.519,5.9,7.8,0.765,1.8,7,8.8,7.1,1.1,0.5,2.4,3.2,24.9
402,Ben Simmons,PG,26,BRK,18,13,27.6,3.6,5.8,0.619,0,0.1,0,3.6,5.8,0.625,0.619,1,1.8,0.545,1,5.6,6.6,5.9,1.4,0.7,2.4,3.7,8.2
403,Marko Simonovic,C,23,CHI,1,0,2,0,1,0,0,1,0,0,0,,0,0,0,,0,0,0,0,0,0,0,0,0
404,Anfernee Simons,SG,23,POR,24,24,36.9,8.5,19,0.445,4.1,10.4,0.392,4.4,8.6,0.51,0.553,3.2,3.5,0.894,0.3,2.7,3,4.4,0.9,0.3,2.3,2.3,24.2
405,Jericho Sims,C,24,NYK,19,2,12.7,1.8,2.4,0.761,0,0,,1.8,2.4,0.761,0.761,0.4,0.5,0.8,1.9,2.5,4.4,0.4,0.3,0.8,0.4,1.8,4.1
406,Marcus Smart,PG,28,BOS,24,24,32.9,4.3,9.5,0.445,1.8,5.2,0.347,2.5,4.4,0.562,0.539,1.5,2,0.766,0.5,2.8,3.2,7.5,1.3,0.4,2.3,2.9,11.8
407,Dennis Smith Jr.,PG,25,CHO,15,11,27.9,4.1,8.9,0.463,0.7,2,0.333,3.5,6.9,0.5,0.5,0.4,0.8,0.5,0.6,2.7,3.3,5.7,1.8,0.7,1.5,2.3,9.3
408,Dru Smith,SG,25,MIA,5,1,13.4,1,2.8,0.357,0.2,1.2,0.167,0.8,1.6,0.5,0.393,0,0,,0.2,1.6,1.8,1,0.8,0.6,0.2,2,2.2
409,Ish Smith,PG,34,DEN,10,0,12,1.7,4.3,0.395,0.2,0.6,0.333,1.5,3.7,0.405,0.419,0.1,0.2,0.5,0.1,1.2,1.3,2.5,0.3,0.6,1.2,0.9,3.7
410,Jabari Smith Jr.,PF,19,HOU,25,25,30.5,4,10.7,0.375,2.1,6,0.356,1.9,4.7,0.398,0.474,1.9,2.3,0.842,1.2,5.8,7,0.8,0.4,1,1.2,3.3,12
411,Jalen Smith,PF,22,IND,26,26,22.6,4,9.2,0.438,1.2,4.2,0.294,2.8,5,0.557,0.504,1.8,2.4,0.774,1.8,4.9,6.7,1.1,0.3,1,1.3,2.2,11.2
412,Jeremy Sochan,PF,19,SAS,20,20,24.9,3.6,7.5,0.473,0.4,2.2,0.182,3.2,5.3,0.594,0.5,0.6,1,0.55,1.3,2.8,4.1,2,1,0.5,1.6,2.6,8.1
413,Jaden Springer,PG,20,PHI,3,0,2,0.7,1,0.667,0,0,,0.7,1,0.667,0.667,0.3,0.7,0.5,0.3,0.3,0.7,0,0,0.3,0.3,0.7,1.7
414,Lamar Stevens,PF,25,CLE,14,11,22.8,2.6,5.9,0.446,0.7,1.9,0.385,1.9,4.1,0.474,0.506,1.1,1.4,0.842,0.7,3.1,3.8,0.4,0.6,0.5,0.4,1.5,7.1
415,Isaiah Stewart,C,21,DET,22,22,27.5,3.9,8.5,0.457,1.5,4.2,0.366,2.3,4.2,0.548,0.548,2.5,3.3,0.74,2.4,6.1,8.5,1.2,0.4,0.7,1.1,2.9,11.7
416,Max Strus,SF,26,MIA,25,14,32.2,4.9,11.8,0.417,2.8,8,0.35,2.1,3.8,0.558,0.536,1.2,1.4,0.857,0.6,2.9,3.4,1.7,0.8,0.3,1.1,2.4,13.8
417,Jalen Suggs,PG,21,ORL,14,13,28.9,4.6,11.1,0.419,1.4,4.9,0.294,3.2,6.2,0.517,0.484,1.6,2.5,0.657,1.1,2.2,3.3,5.4,1.6,0.6,3.4,3.1,12.4
418,Edmond Sumner,SG,27,BRK,23,9,15.7,2.7,5.7,0.462,0.6,2.1,0.286,2,3.6,0.566,0.515,1.9,2,0.915,0.4,1.2,1.6,1.3,1,0.2,1.1,1.7,7.8
419,Cole Swider,SF,23,LAL,1,0,2,0,1,0,0,1,0,0,0,,0,0,0,,0,1,1,1,0,0,0,0,0
420,Jae'Sean Tate,SF,27,HOU,3,2,22.7,3.3,6.7,0.5,0.7,1.7,0.4,2.7,5,0.533,0.55,1,1.3,0.75,2.7,1.7,4.3,3.3,1,0,1.7,5,8.3
421,Jayson Tatum,PF,24,BOS,26,26,36.7,9.9,20.9,0.472,3.3,9.3,0.36,6.5,11.6,0.563,0.552,6.9,8.1,0.853,1.1,7,8.1,4,1.1,1,2.7,2.2,30
422,Terry Taylor,SG,23,IND,16,2,8,0.7,1.9,0.355,0.1,0.6,0.2,0.6,1.3,0.429,0.387,0.3,0.3,0.8,0.6,0.8,1.4,0.4,0.1,0.3,0.3,0.8,1.8
423,Garrett Temple,SG,36,NOP,9,0,7.8,1,2.4,0.409,0.6,1.4,0.385,0.4,1,0.444,0.523,0.3,0.4,0.75,0.1,0.6,0.7,0.3,0.7,0.1,0.3,0.7,2.9
424,Dalen Terry,SG,20,CHI,11,0,3.3,0.4,1.1,0.333,0.1,0.4,0.25,0.3,0.7,0.375,0.375,0.3,0.4,0.75,0,0.2,0.2,0.6,0.1,0.2,0.4,0.3,1.1
425,Cam Thomas,SG,21,BRK,21,0,15.1,2.4,5.9,0.407,0.5,1.3,0.357,1.9,4.5,0.421,0.447,2.1,2.7,0.786,0.1,1.2,1.4,1.4,0.4,0.1,0.8,1,7.3
426,Klay Thompson,SG,32,GSW,22,22,30.9,6.8,16.7,0.406,3.9,10.1,0.387,2.9,6.6,0.434,0.523,1.5,1.7,0.865,0.5,3,3.5,2.5,0.7,0.5,1.6,1.9,18.9
427,JT Thor,PF,20,CHO,17,0,9.4,0.7,2.3,0.308,0.2,1.2,0.19,0.5,1.1,0.444,0.359,0.4,0.5,0.778,0.5,1.3,1.8,0.5,0.2,0.3,0.6,0.6,2.1
428,Matisse Thybulle,SG,25,PHI,22,3,11.6,0.7,2.1,0.348,0.3,1.2,0.231,0.5,0.9,0.5,0.413,0,0.1,0.333,0.3,0.9,1.2,0.4,0.9,0.2,0.2,1.3,1.8
429,Xavier Tillman Sr.,PF,24,MEM,13,0,10,1.3,2.5,0.515,0.2,0.5,0.333,1.2,2.1,0.556,0.545,0.3,0.9,0.333,1.2,1.2,2.4,0.6,0.4,0.4,0.5,1,3.1
430,Isaiah Todd,PF,21,WAS,4,0,3.3,0.3,1,0.25,0,0.8,0,0.3,0.3,1,0.25,0,0,,0,0,0,0,0,0,0,0,0.5
431,Obi Toppin,PF,24,NYK,25,0,17.1,2.9,6.8,0.421,1.4,3.9,0.351,1.5,3,0.514,0.52,0.6,0.7,0.824,0.6,3.2,3.8,1,0.4,0.2,0.8,1.1,7.7
432,Juan Toscano-Anderson,SF,29,LAL,14,1,10.4,0.9,2,0.429,0.1,0.8,0.182,0.7,1.2,0.588,0.464,0.4,0.5,0.714,0.1,1.7,1.8,0.6,0.2,0.2,0.6,1.4,2.2
433,Karl-Anthony Towns,PF,27,MIN,21,21,33.8,7.3,14.4,0.505,1.8,5.6,0.325,5.5,8.9,0.618,0.568,4.4,5,0.885,1.7,6.5,8.2,5.3,0.8,0.7,3.1,3.9,20.8
434,Gary Trent Jr.,SG,24,TOR,24,17,31.6,6,14,0.427,2.3,7,0.335,3.6,7,0.518,0.51,2.9,3.8,0.778,0.5,1.5,2,1.5,1.6,0.1,1.2,1.5,17.2
435,P.J. Tucker,PF,37,PHI,26,26,29,1.3,3,0.423,0.6,1.6,0.381,0.7,1.4,0.472,0.526,0.3,0.3,0.778,1.3,3,4.3,1,0.6,0.3,0.9,2.7,3.4
436,Myles Turner,C,26,IND,21,21,29.1,6.1,11.1,0.551,1.6,3.9,0.415,4.5,7.2,0.625,0.624,3.7,4.6,0.802,1.5,6.2,7.7,1.4,0.5,2.3,1.8,3.3,17.6
437,Jonas Valančiūnas,C,30,NOP,26,26,23.3,5,9.5,0.526,0.6,1.6,0.366,4.4,7.9,0.558,0.557,2.6,3.1,0.827,2.6,6.6,9.2,1.8,0.3,0.3,2,2.5,13.2
438,Jarred Vanderbilt,PF,23,UTA,27,25,25,3.5,6,0.59,0.4,1.1,0.414,3.1,4.9,0.629,0.627,1,1.4,0.667,2.3,5.7,8,2.7,1.2,0.2,1.5,2.8,8.4
439,Fred VanVleet,PG,28,TOR,21,21,36.6,5.3,14.8,0.36,2.7,8.3,0.326,2.6,6.5,0.404,0.452,3.7,4.3,0.846,0.5,3,3.5,6.4,1.7,0.5,1.9,2.6,17
440,Devin Vassell,SG,22,SAS,20,17,32.3,7.5,16.2,0.46,3,7.3,0.414,4.5,9,0.497,0.552,2.5,3.1,0.806,0.2,4,4.2,3.5,0.9,0.4,1.6,1.5,20.4
441,Gabe Vincent,PG,26,MIA,19,0,24.8,3.2,8.1,0.39,1.4,4.8,0.297,1.7,3.3,0.524,0.477,1.1,1.3,0.84,0.3,1.8,2.1,2.9,0.8,0.1,1.4,2.6,8.8
442,Noah Vonleh,C,27,BOS,18,1,8.5,0.6,1.3,0.458,0.1,0.2,0.25,0.6,1.1,0.5,0.479,0.1,0.1,1,0.9,1.5,2.4,0.3,0.1,0.4,0.6,1.8,1.4
443,Nikola Vučević,C,32,CHI,26,26,32.1,6.3,12.7,0.495,1.6,4.4,0.368,4.7,8.3,0.562,0.559,2,2.3,0.85,2.2,8.5,10.7,2.8,0.6,0.8,1.8,2,16.2
444,Dean Wade,PF,26,CLE,17,9,24.1,2.2,4.9,0.452,1.4,3.3,0.411,0.9,1.6,0.536,0.589,0.5,0.8,0.692,0.6,3.5,4.1,1,0.7,0.4,0.4,2.5,6.4
445,Franz Wagner,SF,21,ORL,28,28,33.4,7.3,14.6,0.496,1.4,4.1,0.336,5.9,10.5,0.56,0.544,3.9,4.5,0.865,0.8,3.3,4.1,3.6,0.8,0.3,2.5,2.4,19.8
446,Moritz Wagner,C,25,ORL,10,6,25.7,3.7,8.3,0.446,0.7,3.4,0.206,3,4.9,0.612,0.488,2.6,3,0.867,1.9,4.8,6.7,2.4,0.6,0.4,1.9,4,10.7
447,Ish Wainright,SF,28,PHO,10,1,13.4,1.3,2.8,0.464,1.2,2.4,0.5,0.1,0.4,0.25,0.679,0.2,0.3,0.667,0.9,1,1.9,1.1,0.6,0.2,0.3,1.6,4
448,Jabari Walker,SF,20,POR,13,0,8.1,0.8,2,0.385,0.1,0.6,0.125,0.7,1.4,0.5,0.404,0.3,0.5,0.667,0.5,1.7,2.2,0.7,0.1,0.2,0.3,0.8,1.9
449,Kemba Walker,PG,32,DAL,1,0,20,2,5,0.4,0,2,0,2,3,0.667,0.4,4,5,0.8,1,1,2,5,0,1,0,3,8
450,Lonnie Walker IV,SG,24,LAL,23,23,30.7,6,12.6,0.478,2.1,5.3,0.39,3.9,7.2,0.542,0.561,2,2.3,0.865,0.3,2,2.3,1.6,0.8,0.4,1,1.7,16
451,John Wall,PG,32,LAC,22,1,22.4,4.4,10.4,0.425,0.9,3.3,0.274,3.5,7,0.497,0.469,2.9,4.3,0.674,0.3,2.2,2.5,5.6,0.9,0.3,2.4,1.6,12.6
452,T.J. Warren,SF,29,BRK,4,0,16.8,3,6,0.5,0.3,1,0.25,2.8,5,0.55,0.521,0.8,1,0.75,1,1,2,1.5,0.8,0.3,0.5,1.3,7
453,Duane Washington Jr.,SG,22,PHO,15,0,9,1.9,5.1,0.377,0.7,2.6,0.282,1.2,2.5,0.474,0.448,0,0.1,0,0,0.6,0.6,0.7,0.1,0.1,0.6,0.5,4.6
454,P.J. Washington,PF,24,CHO,27,27,31.9,5.7,13.6,0.417,1.8,5.6,0.327,3.9,8,0.479,0.484,1.9,2.5,0.776,1,3.7,4.7,2.4,0.7,1,1.7,2.6,15.1
455,TyTy Washington Jr.,PG,21,HOU,2,0,4.5,0.5,1,0.5,0,0.5,0,0.5,0.5,1,0.5,0.5,1,0.5,0,0,0,0,0,0,0,0.5,1.5
456,Yuta Watanabe,SF,28,BRK,15,0,18.4,3.1,5.3,0.582,1.7,3.1,0.532,1.4,2.1,0.656,0.741,0.5,0.7,0.636,1,2.2,3.2,1,0.3,0.5,0.4,1.3,8.3
457,Lindy Waters III,SG,25,OKC,5,0,13.8,1.6,4.6,0.348,1.4,4.4,0.318,0.2,0.2,1,0.5,0,0,,0.4,1.6,2,0.4,0.6,0,0,1,4.6
458,Trendon Watford,PF,22,POR,17,2,17.6,1.9,3.4,0.552,0.2,0.6,0.3,1.7,2.8,0.604,0.578,1.2,1.4,0.913,0.9,3.1,3.9,1.6,0.5,0.1,1.1,1.7,5.2
459,Peyton Watson,SG,20,DEN,6,0,2.5,0.5,1.5,0.333,0,0.2,0,0.5,1.3,0.375,0.333,0,0,,0.3,0.2,0.5,0,0,0,0,0.2,1
460,Blake Wesley,SG,19,SAS,2,0,11.5,3,4.5,0.667,1,1.5,0.667,2,3,0.667,0.778,1,2,0.5,0.5,0.5,1,2,0,0,1,1.5,8
461,Russell Westbrook,PG,34,LAL,25,3,28,5.3,13,0.405,1.1,3.8,0.292,4.2,9.2,0.452,0.448,2.8,4,0.69,1.1,4.4,5.6,7.6,1,0.4,3.6,2.4,14.4
462,Coby White,PG,22,CHI,18,0,19.6,2.7,6.8,0.39,1.4,4.5,0.321,1.2,2.3,0.524,0.496,0.6,0.8,0.714,0.2,2.1,2.3,1.9,0.7,0.2,0.8,1.7,7.3
463,Derrick White,SG,28,BOS,27,20,25.7,3.5,7.7,0.452,1.7,4.2,0.412,1.7,3.5,0.5,0.565,1.7,2,0.87,0.6,2.4,2.9,3.3,0.9,0.7,0.9,2.6,10.4
464,Jack White,SF,25,DEN,8,0,3.3,0.1,0.8,0.167,0,0.3,0,0.1,0.5,0.25,0.167,0,0,,0.3,0.4,0.6,0,0.1,0.3,0,0.5,0.3
465,Aaron Wiggins,SG,24,OKC,19,5,18.6,2.2,4.6,0.471,0.7,1.7,0.394,1.5,2.8,0.519,0.546,0.8,1.1,0.8,0.9,2.5,3.4,1.6,0.5,0.2,0.7,1.5,5.8
466,Andrew Wiggins,SF,27,GSW,22,22,32.8,7.4,14.5,0.511,3,6.8,0.45,4.4,7.7,0.565,0.616,1.2,2,0.628,1.5,3.6,5.1,2.2,1.4,0.8,1.4,2.9,19.1
467,Alondes Williams,SG,23,BRK,1,0,5,0,0,,0,0,,0,0,,,0,0,,0,1,1,0,0,0,2,1,0
468,Grant Williams,PF,24,BOS,26,13,28.8,3.3,5.9,0.556,1.7,3.6,0.462,1.6,2.3,0.7,0.696,0.9,1.1,0.857,0.8,3.7,4.5,1.7,0.7,0.4,0.8,2.7,9.1
469,Jalen Williams,SG,21,OKC,22,9,25.7,4.3,8.2,0.522,0.7,2.4,0.288,3.6,5.8,0.617,0.564,1.4,1.9,0.756,0.6,2.5,3.1,2.5,0.7,0.3,1.5,2.7,10.6
470,Jaylin Williams,PF,20,OKC,6,0,7.7,0.8,2.3,0.357,0,0.5,0,0.8,1.8,0.455,0.357,0.7,1,0.667,1,1,2,0.8,0.3,0,0.3,1.2,2.3
471,Kenrich Williams,PF,28,OKC,21,3,20.4,2.8,5.3,0.527,0.7,1.8,0.368,2.1,3.5,0.608,0.589,0.3,0.7,0.429,1.7,2.1,3.8,1.4,0.6,0.2,0.4,1.9,6.6
472,Mark Williams,C,21,CHO,3,0,4.3,1.3,2.3,0.571,0,0,,1.3,2.3,0.571,0.571,1,1,1,1.3,1.3,2.7,0,0,0,0.7,1,3.7
473,Patrick Williams,PF,21,CHI,26,25,26.2,3.5,7.7,0.462,1.3,3,0.436,2.2,4.7,0.479,0.548,1,1.1,0.931,1.1,2.9,4,0.9,0.6,1,1.5,2,9.4
474,Vince Williams Jr.,SG,22,MEM,6,0,6.7,0.5,1.8,0.273,0.2,1.3,0.125,0.3,0.5,0.667,0.318,0,0,,0.2,0.7,0.8,0.3,0.7,0.2,0,0.8,1.2
475,Ziaire Williams,SF,21,MEM,2,0,17.5,1.5,6,0.25,0,3,0,1.5,3,0.5,0.25,0,0,,0.5,4.5,5,1.5,1,0,1,1.5,3
476,Zion Williamson,PF,22,NOP,21,21,32.8,9.6,15.7,0.609,0.2,0.7,0.357,9.3,15,0.62,0.617,5.6,7.7,0.722,2,5.2,7.2,4.2,1.2,0.6,2.9,2.1,25
477,Justise Winslow,SF,26,POR,23,10,28.1,3,7.3,0.405,0.5,1.5,0.314,2.5,5.8,0.429,0.438,0.9,1.2,0.714,1.7,3.6,5.3,3.6,1,0.4,1.5,3.1,7.3
478,James Wiseman,C,21,GSW,12,0,12.7,2.6,4.4,0.585,0,0,,2.6,4.4,0.585,0.585,1.3,2.1,0.64,1,2.7,3.7,0.9,0.1,0.3,0.7,2.2,6.5
479,Christian Wood,PF,27,DAL,23,1,26,6.3,11.4,0.553,1.4,3.5,0.407,4.9,7.9,0.619,0.616,2.7,4,0.685,1.1,6.7,7.8,1.4,0.4,0.6,2.4,2.8,16.8
480,Delon Wright,PG,30,WAS,4,0,22.8,2.5,6,0.417,0.8,3,0.25,1.8,3,0.583,0.479,0.8,1.3,0.6,1,1.5,2.5,3.3,2.8,1,1,1.3,6.5
481,McKinley Wright IV,PG,24,DAL,1,0,5,1,4,0.25,0,1,0,1,3,0.333,0.25,0,0,,1,1,2,2,1,0,0,0,2
482,Thaddeus Young,PF,34,TOR,24,8,16.9,2.2,4.2,0.53,0.2,0.8,0.222,2,3.4,0.598,0.55,0.5,0.6,0.857,1.7,2.1,3.8,2,1,0.1,0.8,1.8,5.1
483,Trae Young,PG,24,ATL,25,25,35.6,8.8,21.6,0.408,2.1,7.2,0.287,6.7,14.3,0.469,0.456,7.4,8.3,0.894,0.7,2.1,2.8,9.6,0.8,0.2,3.8,1.4,27.1
484,Ivica Zubac,C,25,LAC,28,28,30.4,4.2,6.7,0.626,0,0,0,4.2,6.6,0.629,0.626,2.2,3.3,0.674,3.3,7.9,11.2,1.1,0.4,1.6,2.2,3.1,10.6